log_file,task,model_a,model_b,num_rounds,cooperation_rate_a,cooperation_rate_b,mutual_cooperation_rate,mutual_defection_rate,total_score_a,total_score_b,choices_a,choices_b,strategy_a,strategy_b
2026-03-12T05-37-05+00-00_pd-1round_hV3YTPwhMTcwbCtSz5ADnn.eval,pd_1round,claude-sonnet-4-6,claude-sonnet-4-6,1,0.0,0.0,0.0,1.0,1,1,defect,defect,single_defect,single_defect
2026-03-12T05-37-05+00-00_pd-1round_hV3YTPwhMTcwbCtSz5ADnn.eval,pd_1round,claude-sonnet-4-6,claude-sonnet-4-6,1,0.0,0.0,0.0,1.0,1,1,defect,defect,single_defect,single_defect
2026-03-12T05-37-05+00-00_pd-1round_hV3YTPwhMTcwbCtSz5ADnn.eval,pd_1round,claude-sonnet-4-6,claude-sonnet-4-6,1,0.0,0.0,0.0,1.0,1,1,defect,defect,single_defect,single_defect
2026-03-12T05-37-05+00-00_pd-1round_hV3YTPwhMTcwbCtSz5ADnn.eval,pd_1round,claude-sonnet-4-6,claude-sonnet-4-6,1,0.0,0.0,0.0,1.0,1,1,defect,defect,single_defect,single_defect
2026-03-12T05-37-05+00-00_pd-1round_hV3YTPwhMTcwbCtSz5ADnn.eval,pd_1round,claude-sonnet-4-6,claude-sonnet-4-6,1,0.0,0.0,0.0,1.0,1,1,defect,defect,single_defect,single_defect
2026-03-12T05-37-05+00-00_pd-1round_hV3YTPwhMTcwbCtSz5ADnn.eval,pd_1round,claude-sonnet-4-6,claude-sonnet-4-6,1,0.0,0.0,0.0,1.0,1,1,defect,defect,single_defect,single_defect
2026-03-12T05-37-05+00-00_pd-1round_hV3YTPwhMTcwbCtSz5ADnn.eval,pd_1round,claude-sonnet-4-6,claude-sonnet-4-6,1,0.0,0.0,0.0,1.0,1,1,defect,defect,single_defect,single_defect
2026-03-12T05-37-05+00-00_pd-1round_hV3YTPwhMTcwbCtSz5ADnn.eval,pd_1round,claude-sonnet-4-6,claude-sonnet-4-6,1,0.0,0.0,0.0,1.0,1,1,defect,defect,single_defect,single_defect
2026-03-12T05-37-05+00-00_pd-1round_hV3YTPwhMTcwbCtSz5ADnn.eval,pd_1round,claude-sonnet-4-6,claude-sonnet-4-6,1,0.0,0.0,0.0,1.0,1,1,defect,defect,single_defect,single_defect
2026-03-12T05-37-05+00-00_pd-1round_hV3YTPwhMTcwbCtSz5ADnn.eval,pd_1round,claude-sonnet-4-6,claude-sonnet-4-6,1,0.0,0.0,0.0,1.0,1,1,defect,defect,single_defect,single_defect
2026-03-12T05-37-20+00-00_pd-1round_dMsr6zFjgRmnPkcVoniDqB.eval,pd_1round,claude-sonnet-4-6,gpt-5-mini,1,0.0,0.0,0.0,1.0,1,1,defect,defect,single_defect,single_defect
2026-03-12T05-37-20+00-00_pd-1round_dMsr6zFjgRmnPkcVoniDqB.eval,pd_1round,claude-sonnet-4-6,gpt-5-mini,1,0.0,0.0,0.0,1.0,1,1,defect,defect,single_defect,single_defect
2026-03-12T05-37-20+00-00_pd-1round_dMsr6zFjgRmnPkcVoniDqB.eval,pd_1round,claude-sonnet-4-6,gpt-5-mini,1,0.0,0.0,0.0,1.0,1,1,defect,defect,single_defect,single_defect
2026-03-12T05-37-20+00-00_pd-1round_dMsr6zFjgRmnPkcVoniDqB.eval,pd_1round,claude-sonnet-4-6,gpt-5-mini,1,0.0,0.0,0.0,1.0,1,1,defect,defect,single_defect,single_defect
2026-03-12T05-37-20+00-00_pd-1round_dMsr6zFjgRmnPkcVoniDqB.eval,pd_1round,claude-sonnet-4-6,gpt-5-mini,1,0.0,0.0,0.0,1.0,1,1,defect,defect,single_defect,single_defect
2026-03-12T05-37-20+00-00_pd-1round_dMsr6zFjgRmnPkcVoniDqB.eval,pd_1round,claude-sonnet-4-6,gpt-5-mini,1,0.0,0.0,0.0,1.0,1,1,defect,defect,single_defect,single_defect
2026-03-12T05-37-20+00-00_pd-1round_dMsr6zFjgRmnPkcVoniDqB.eval,pd_1round,claude-sonnet-4-6,gpt-5-mini,1,0.0,0.0,0.0,1.0,1,1,defect,defect,single_defect,single_defect
2026-03-12T05-37-20+00-00_pd-1round_dMsr6zFjgRmnPkcVoniDqB.eval,pd_1round,claude-sonnet-4-6,gpt-5-mini,1,0.0,0.0,0.0,1.0,1,1,defect,defect,single_defect,single_defect
2026-03-12T05-37-20+00-00_pd-1round_dMsr6zFjgRmnPkcVoniDqB.eval,pd_1round,claude-sonnet-4-6,gpt-5-mini,1,0.0,0.0,0.0,1.0,1,1,defect,defect,single_defect,single_defect
2026-03-12T05-37-20+00-00_pd-1round_dMsr6zFjgRmnPkcVoniDqB.eval,pd_1round,claude-sonnet-4-6,gpt-5-mini,1,0.0,0.0,0.0,1.0,1,1,defect,defect,single_defect,single_defect
2026-03-12T05-37-35+00-00_pd-1round_Sstvi3PeTwzh3NZD5H5xv3.eval,pd_1round,claude-sonnet-4-6,gemini-2.5-flash,1,0.0,0.0,0.0,1.0,1,1,defect,defect,single_defect,single_defect
2026-03-12T05-37-35+00-00_pd-1round_Sstvi3PeTwzh3NZD5H5xv3.eval,pd_1round,claude-sonnet-4-6,gemini-2.5-flash,1,0.0,0.0,0.0,1.0,1,1,defect,defect,single_defect,single_defect
2026-03-12T05-37-35+00-00_pd-1round_Sstvi3PeTwzh3NZD5H5xv3.eval,pd_1round,claude-sonnet-4-6,gemini-2.5-flash,1,0.0,0.0,0.0,1.0,1,1,defect,defect,single_defect,single_defect
2026-03-12T05-37-35+00-00_pd-1round_Sstvi3PeTwzh3NZD5H5xv3.eval,pd_1round,claude-sonnet-4-6,gemini-2.5-flash,1,0.0,0.0,0.0,1.0,1,1,defect,defect,single_defect,single_defect
2026-03-12T05-37-35+00-00_pd-1round_Sstvi3PeTwzh3NZD5H5xv3.eval,pd_1round,claude-sonnet-4-6,gemini-2.5-flash,1,0.0,0.0,0.0,1.0,1,1,defect,defect,single_defect,single_defect
2026-03-12T05-37-35+00-00_pd-1round_Sstvi3PeTwzh3NZD5H5xv3.eval,pd_1round,claude-sonnet-4-6,gemini-2.5-flash,1,0.0,0.0,0.0,1.0,1,1,defect,defect,single_defect,single_defect
2026-03-12T05-37-35+00-00_pd-1round_Sstvi3PeTwzh3NZD5H5xv3.eval,pd_1round,claude-sonnet-4-6,gemini-2.5-flash,1,0.0,0.0,0.0,1.0,1,1,defect,defect,single_defect,single_defect
2026-03-12T05-37-35+00-00_pd-1round_Sstvi3PeTwzh3NZD5H5xv3.eval,pd_1round,claude-sonnet-4-6,gemini-2.5-flash,1,0.0,0.0,0.0,1.0,1,1,defect,defect,single_defect,single_defect
2026-03-12T05-37-35+00-00_pd-1round_Sstvi3PeTwzh3NZD5H5xv3.eval,pd_1round,claude-sonnet-4-6,gemini-2.5-flash,1,0.0,0.0,0.0,1.0,1,1,defect,defect,single_defect,single_defect
2026-03-12T05-37-35+00-00_pd-1round_Sstvi3PeTwzh3NZD5H5xv3.eval,pd_1round,claude-sonnet-4-6,gemini-2.5-flash,1,0.0,0.0,0.0,1.0,1,1,defect,defect,single_defect,single_defect
2026-03-12T05-37-46+00-00_pd-1round_f3j9zorACAYaunrTcEccFX.eval,pd_1round,claude-sonnet-4-6,grok-4.1-fast,1,0.0,0.0,0.0,1.0,1,1,defect,defect,single_defect,single_defect
2026-03-12T05-37-46+00-00_pd-1round_f3j9zorACAYaunrTcEccFX.eval,pd_1round,claude-sonnet-4-6,grok-4.1-fast,1,0.0,0.0,0.0,1.0,1,1,defect,defect,single_defect,single_defect
2026-03-12T05-37-46+00-00_pd-1round_f3j9zorACAYaunrTcEccFX.eval,pd_1round,claude-sonnet-4-6,grok-4.1-fast,1,0.0,0.0,0.0,1.0,1,1,defect,defect,single_defect,single_defect
2026-03-12T05-37-46+00-00_pd-1round_f3j9zorACAYaunrTcEccFX.eval,pd_1round,claude-sonnet-4-6,grok-4.1-fast,1,0.0,0.0,0.0,1.0,1,1,defect,defect,single_defect,single_defect
2026-03-12T05-37-46+00-00_pd-1round_f3j9zorACAYaunrTcEccFX.eval,pd_1round,claude-sonnet-4-6,grok-4.1-fast,1,0.0,0.0,0.0,1.0,1,1,defect,defect,single_defect,single_defect
2026-03-12T05-37-46+00-00_pd-1round_f3j9zorACAYaunrTcEccFX.eval,pd_1round,claude-sonnet-4-6,grok-4.1-fast,1,0.0,0.0,0.0,1.0,1,1,defect,defect,single_defect,single_defect
2026-03-12T05-37-46+00-00_pd-1round_f3j9zorACAYaunrTcEccFX.eval,pd_1round,claude-sonnet-4-6,grok-4.1-fast,1,0.0,0.0,0.0,1.0,1,1,defect,defect,single_defect,single_defect
2026-03-12T05-37-46+00-00_pd-1round_f3j9zorACAYaunrTcEccFX.eval,pd_1round,claude-sonnet-4-6,grok-4.1-fast,1,0.0,0.0,0.0,1.0,1,1,defect,defect,single_defect,single_defect
2026-03-12T05-37-46+00-00_pd-1round_f3j9zorACAYaunrTcEccFX.eval,pd_1round,claude-sonnet-4-6,grok-4.1-fast,1,0.0,0.0,0.0,1.0,1,1,defect,defect,single_defect,single_defect
2026-03-12T05-37-46+00-00_pd-1round_f3j9zorACAYaunrTcEccFX.eval,pd_1round,claude-sonnet-4-6,grok-4.1-fast,1,0.0,0.0,0.0,1.0,1,1,defect,defect,single_defect,single_defect
2026-03-12T05-38-01+00-00_pd-1round_VjBuTPJKugjfCxivtHftq7.eval,pd_1round,gpt-5-mini,gpt-5-mini,1,0.0,0.0,0.0,1.0,1,1,defect,defect,single_defect,single_defect
2026-03-12T05-38-01+00-00_pd-1round_VjBuTPJKugjfCxivtHftq7.eval,pd_1round,gpt-5-mini,gpt-5-mini,1,0.0,0.0,0.0,1.0,1,1,defect,defect,single_defect,single_defect
2026-03-12T05-38-01+00-00_pd-1round_VjBuTPJKugjfCxivtHftq7.eval,pd_1round,gpt-5-mini,gpt-5-mini,1,0.0,0.0,0.0,1.0,1,1,defect,defect,single_defect,single_defect
2026-03-12T05-38-01+00-00_pd-1round_VjBuTPJKugjfCxivtHftq7.eval,pd_1round,gpt-5-mini,gpt-5-mini,1,0.0,0.0,0.0,1.0,1,1,defect,defect,single_defect,single_defect
2026-03-12T05-38-01+00-00_pd-1round_VjBuTPJKugjfCxivtHftq7.eval,pd_1round,gpt-5-mini,gpt-5-mini,1,0.0,0.0,0.0,1.0,1,1,defect,defect,single_defect,single_defect
2026-03-12T05-38-01+00-00_pd-1round_VjBuTPJKugjfCxivtHftq7.eval,pd_1round,gpt-5-mini,gpt-5-mini,1,0.0,0.0,0.0,1.0,1,1,defect,defect,single_defect,single_defect
2026-03-12T05-38-01+00-00_pd-1round_VjBuTPJKugjfCxivtHftq7.eval,pd_1round,gpt-5-mini,gpt-5-mini,1,0.0,0.0,0.0,1.0,1,1,defect,defect,single_defect,single_defect
2026-03-12T05-38-01+00-00_pd-1round_VjBuTPJKugjfCxivtHftq7.eval,pd_1round,gpt-5-mini,gpt-5-mini,1,0.0,0.0,0.0,1.0,1,1,defect,defect,single_defect,single_defect
2026-03-12T05-38-01+00-00_pd-1round_VjBuTPJKugjfCxivtHftq7.eval,pd_1round,gpt-5-mini,gpt-5-mini,1,0.0,0.0,0.0,1.0,1,1,defect,defect,single_defect,single_defect
2026-03-12T05-38-01+00-00_pd-1round_VjBuTPJKugjfCxivtHftq7.eval,pd_1round,gpt-5-mini,gpt-5-mini,1,0.0,0.0,0.0,1.0,1,1,defect,defect,single_defect,single_defect
2026-03-12T05-38-22+00-00_pd-1round_5wq5ErkwSycTzBK9vwtfFW.eval,pd_1round,gpt-5-mini,gemini-2.5-flash,1,0.0,0.0,0.0,1.0,1,1,defect,defect,single_defect,single_defect
2026-03-12T05-38-22+00-00_pd-1round_5wq5ErkwSycTzBK9vwtfFW.eval,pd_1round,gpt-5-mini,gemini-2.5-flash,1,0.0,0.0,0.0,1.0,1,1,defect,defect,single_defect,single_defect
2026-03-12T05-38-22+00-00_pd-1round_5wq5ErkwSycTzBK9vwtfFW.eval,pd_1round,gpt-5-mini,gemini-2.5-flash,1,0.0,0.0,0.0,1.0,1,1,defect,defect,single_defect,single_defect
2026-03-12T05-38-22+00-00_pd-1round_5wq5ErkwSycTzBK9vwtfFW.eval,pd_1round,gpt-5-mini,gemini-2.5-flash,1,0.0,0.0,0.0,1.0,1,1,defect,defect,single_defect,single_defect
2026-03-12T05-38-22+00-00_pd-1round_5wq5ErkwSycTzBK9vwtfFW.eval,pd_1round,gpt-5-mini,gemini-2.5-flash,1,0.0,0.0,0.0,1.0,1,1,defect,defect,single_defect,single_defect
2026-03-12T05-38-22+00-00_pd-1round_5wq5ErkwSycTzBK9vwtfFW.eval,pd_1round,gpt-5-mini,gemini-2.5-flash,1,0.0,0.0,0.0,1.0,1,1,defect,defect,single_defect,single_defect
2026-03-12T05-38-22+00-00_pd-1round_5wq5ErkwSycTzBK9vwtfFW.eval,pd_1round,gpt-5-mini,gemini-2.5-flash,1,0.0,0.0,0.0,1.0,1,1,defect,defect,single_defect,single_defect
2026-03-12T05-38-22+00-00_pd-1round_5wq5ErkwSycTzBK9vwtfFW.eval,pd_1round,gpt-5-mini,gemini-2.5-flash,1,0.0,0.0,0.0,1.0,1,1,defect,defect,single_defect,single_defect
2026-03-12T05-38-22+00-00_pd-1round_5wq5ErkwSycTzBK9vwtfFW.eval,pd_1round,gpt-5-mini,gemini-2.5-flash,1,0.0,0.0,0.0,1.0,1,1,defect,defect,single_defect,single_defect
2026-03-12T05-38-22+00-00_pd-1round_5wq5ErkwSycTzBK9vwtfFW.eval,pd_1round,gpt-5-mini,gemini-2.5-flash,1,0.0,0.0,0.0,1.0,1,1,defect,defect,single_defect,single_defect
2026-03-12T05-38-38+00-00_pd-1round_abPHAxVHn7hxDZo2PBaKot.eval,pd_1round,gpt-5-mini,grok-4.1-fast,1,0.0,0.0,0.0,1.0,1,1,defect,defect,single_defect,single_defect
2026-03-12T05-38-38+00-00_pd-1round_abPHAxVHn7hxDZo2PBaKot.eval,pd_1round,gpt-5-mini,grok-4.1-fast,1,0.0,0.0,0.0,1.0,1,1,defect,defect,single_defect,single_defect
2026-03-12T05-38-38+00-00_pd-1round_abPHAxVHn7hxDZo2PBaKot.eval,pd_1round,gpt-5-mini,grok-4.1-fast,1,0.0,0.0,0.0,1.0,1,1,defect,defect,single_defect,single_defect
2026-03-12T05-38-38+00-00_pd-1round_abPHAxVHn7hxDZo2PBaKot.eval,pd_1round,gpt-5-mini,grok-4.1-fast,1,0.0,0.0,0.0,1.0,1,1,defect,defect,single_defect,single_defect
2026-03-12T05-38-38+00-00_pd-1round_abPHAxVHn7hxDZo2PBaKot.eval,pd_1round,gpt-5-mini,grok-4.1-fast,1,0.0,0.0,0.0,1.0,1,1,defect,defect,single_defect,single_defect
2026-03-12T05-38-38+00-00_pd-1round_abPHAxVHn7hxDZo2PBaKot.eval,pd_1round,gpt-5-mini,grok-4.1-fast,1,0.0,0.0,0.0,1.0,1,1,defect,defect,single_defect,single_defect
2026-03-12T05-38-38+00-00_pd-1round_abPHAxVHn7hxDZo2PBaKot.eval,pd_1round,gpt-5-mini,grok-4.1-fast,1,0.0,0.0,0.0,1.0,1,1,defect,defect,single_defect,single_defect
2026-03-12T05-38-38+00-00_pd-1round_abPHAxVHn7hxDZo2PBaKot.eval,pd_1round,gpt-5-mini,grok-4.1-fast,1,0.0,0.0,0.0,1.0,1,1,defect,defect,single_defect,single_defect
2026-03-12T05-38-38+00-00_pd-1round_abPHAxVHn7hxDZo2PBaKot.eval,pd_1round,gpt-5-mini,grok-4.1-fast,1,0.0,0.0,0.0,1.0,1,1,defect,defect,single_defect,single_defect
2026-03-12T05-38-38+00-00_pd-1round_abPHAxVHn7hxDZo2PBaKot.eval,pd_1round,gpt-5-mini,grok-4.1-fast,1,0.0,0.0,0.0,1.0,1,1,defect,defect,single_defect,single_defect
2026-03-12T05-38-55+00-00_pd-1round_WW58qZiz37DaiEAeicENtj.eval,pd_1round,gemini-2.5-flash,gemini-2.5-flash,1,0.0,0.0,0.0,1.0,1,1,defect,defect,single_defect,single_defect
2026-03-12T05-38-55+00-00_pd-1round_WW58qZiz37DaiEAeicENtj.eval,pd_1round,gemini-2.5-flash,gemini-2.5-flash,1,0.0,0.0,0.0,1.0,1,1,defect,defect,single_defect,single_defect
2026-03-12T05-38-55+00-00_pd-1round_WW58qZiz37DaiEAeicENtj.eval,pd_1round,gemini-2.5-flash,gemini-2.5-flash,1,0.0,0.0,0.0,1.0,1,1,defect,defect,single_defect,single_defect
2026-03-12T05-38-55+00-00_pd-1round_WW58qZiz37DaiEAeicENtj.eval,pd_1round,gemini-2.5-flash,gemini-2.5-flash,1,0.0,0.0,0.0,1.0,1,1,defect,defect,single_defect,single_defect
2026-03-12T05-38-55+00-00_pd-1round_WW58qZiz37DaiEAeicENtj.eval,pd_1round,gemini-2.5-flash,gemini-2.5-flash,1,0.0,0.0,0.0,1.0,1,1,defect,defect,single_defect,single_defect
2026-03-12T05-38-55+00-00_pd-1round_WW58qZiz37DaiEAeicENtj.eval,pd_1round,gemini-2.5-flash,gemini-2.5-flash,1,0.0,0.0,0.0,1.0,1,1,defect,defect,single_defect,single_defect
2026-03-12T05-38-55+00-00_pd-1round_WW58qZiz37DaiEAeicENtj.eval,pd_1round,gemini-2.5-flash,gemini-2.5-flash,1,0.0,0.0,0.0,1.0,1,1,defect,defect,single_defect,single_defect
2026-03-12T05-38-55+00-00_pd-1round_WW58qZiz37DaiEAeicENtj.eval,pd_1round,gemini-2.5-flash,gemini-2.5-flash,1,0.0,0.0,0.0,1.0,1,1,defect,defect,single_defect,single_defect
2026-03-12T05-38-55+00-00_pd-1round_WW58qZiz37DaiEAeicENtj.eval,pd_1round,gemini-2.5-flash,gemini-2.5-flash,1,0.0,0.0,0.0,1.0,1,1,defect,defect,single_defect,single_defect
2026-03-12T05-38-55+00-00_pd-1round_WW58qZiz37DaiEAeicENtj.eval,pd_1round,gemini-2.5-flash,gemini-2.5-flash,1,0.0,0.0,0.0,1.0,1,1,defect,defect,single_defect,single_defect
2026-03-12T05-39-01+00-00_pd-1round_QLTtLMGATPHUzJfdWnaWXZ.eval,pd_1round,gemini-2.5-flash,grok-4.1-fast,1,0.0,0.0,0.0,1.0,1,1,defect,defect,single_defect,single_defect
2026-03-12T05-39-01+00-00_pd-1round_QLTtLMGATPHUzJfdWnaWXZ.eval,pd_1round,gemini-2.5-flash,grok-4.1-fast,1,0.0,0.0,0.0,1.0,1,1,defect,defect,single_defect,single_defect
2026-03-12T05-39-01+00-00_pd-1round_QLTtLMGATPHUzJfdWnaWXZ.eval,pd_1round,gemini-2.5-flash,grok-4.1-fast,1,0.0,0.0,0.0,1.0,1,1,defect,defect,single_defect,single_defect
2026-03-12T05-39-01+00-00_pd-1round_QLTtLMGATPHUzJfdWnaWXZ.eval,pd_1round,gemini-2.5-flash,grok-4.1-fast,1,0.0,0.0,0.0,1.0,1,1,defect,defect,single_defect,single_defect
2026-03-12T05-39-01+00-00_pd-1round_QLTtLMGATPHUzJfdWnaWXZ.eval,pd_1round,gemini-2.5-flash,grok-4.1-fast,1,0.0,0.0,0.0,1.0,1,1,defect,defect,single_defect,single_defect
2026-03-12T05-39-01+00-00_pd-1round_QLTtLMGATPHUzJfdWnaWXZ.eval,pd_1round,gemini-2.5-flash,grok-4.1-fast,1,0.0,0.0,0.0,1.0,1,1,defect,defect,single_defect,single_defect
2026-03-12T05-39-01+00-00_pd-1round_QLTtLMGATPHUzJfdWnaWXZ.eval,pd_1round,gemini-2.5-flash,grok-4.1-fast,1,0.0,0.0,0.0,1.0,1,1,defect,defect,single_defect,single_defect
2026-03-12T05-39-01+00-00_pd-1round_QLTtLMGATPHUzJfdWnaWXZ.eval,pd_1round,gemini-2.5-flash,grok-4.1-fast,1,0.0,0.0,0.0,1.0,1,1,defect,defect,single_defect,single_defect
2026-03-12T05-39-01+00-00_pd-1round_QLTtLMGATPHUzJfdWnaWXZ.eval,pd_1round,gemini-2.5-flash,grok-4.1-fast,1,0.0,0.0,0.0,1.0,1,1,defect,defect,single_defect,single_defect
2026-03-12T05-39-01+00-00_pd-1round_QLTtLMGATPHUzJfdWnaWXZ.eval,pd_1round,gemini-2.5-flash,grok-4.1-fast,1,0.0,0.0,0.0,1.0,1,1,defect,defect,single_defect,single_defect
2026-03-12T05-39-13+00-00_pd-1round_eKKYe78oFd3wxeiNA7fHmR.eval,pd_1round,grok-4.1-fast,grok-4.1-fast,1,0.0,0.0,0.0,1.0,1,1,defect,defect,single_defect,single_defect
2026-03-12T05-39-13+00-00_pd-1round_eKKYe78oFd3wxeiNA7fHmR.eval,pd_1round,grok-4.1-fast,grok-4.1-fast,1,0.0,0.0,0.0,1.0,1,1,defect,defect,single_defect,single_defect
2026-03-12T05-39-13+00-00_pd-1round_eKKYe78oFd3wxeiNA7fHmR.eval,pd_1round,grok-4.1-fast,grok-4.1-fast,1,0.0,0.0,0.0,1.0,1,1,defect,defect,single_defect,single_defect
2026-03-12T05-39-13+00-00_pd-1round_eKKYe78oFd3wxeiNA7fHmR.eval,pd_1round,grok-4.1-fast,grok-4.1-fast,1,0.0,0.0,0.0,1.0,1,1,defect,defect,single_defect,single_defect
2026-03-12T05-39-13+00-00_pd-1round_eKKYe78oFd3wxeiNA7fHmR.eval,pd_1round,grok-4.1-fast,grok-4.1-fast,1,0.0,0.0,0.0,1.0,1,1,defect,defect,single_defect,single_defect
2026-03-12T05-39-13+00-00_pd-1round_eKKYe78oFd3wxeiNA7fHmR.eval,pd_1round,grok-4.1-fast,grok-4.1-fast,1,0.0,0.0,0.0,1.0,1,1,defect,defect,single_defect,single_defect
2026-03-12T05-39-13+00-00_pd-1round_eKKYe78oFd3wxeiNA7fHmR.eval,pd_1round,grok-4.1-fast,grok-4.1-fast,1,0.0,0.0,0.0,1.0,1,1,defect,defect,single_defect,single_defect
2026-03-12T05-39-13+00-00_pd-1round_eKKYe78oFd3wxeiNA7fHmR.eval,pd_1round,grok-4.1-fast,grok-4.1-fast,1,0.0,0.0,0.0,1.0,1,1,defect,defect,single_defect,single_defect
2026-03-12T05-39-13+00-00_pd-1round_eKKYe78oFd3wxeiNA7fHmR.eval,pd_1round,grok-4.1-fast,grok-4.1-fast,1,0.0,0.0,0.0,1.0,1,1,defect,defect,single_defect,single_defect
2026-03-12T05-39-13+00-00_pd-1round_eKKYe78oFd3wxeiNA7fHmR.eval,pd_1round,grok-4.1-fast,grok-4.1-fast,1,0.0,0.0,0.0,1.0,1,1,defect,defect,single_defect,single_defect
2026-03-12T05-39-29+00-00_pd-3rounds_9tHVFUUSDq7GF9S2vK4nzv.eval,pd_3rounds,claude-sonnet-4-6,claude-sonnet-4-6,3,0.6666666666666666,0.6666666666666666,0.6666666666666666,0.3333333333333333,7,7,"cooperate,cooperate,defect","cooperate,cooperate,defect",defect_last_round,defect_last_round
2026-03-12T05-39-29+00-00_pd-3rounds_9tHVFUUSDq7GF9S2vK4nzv.eval,pd_3rounds,claude-sonnet-4-6,claude-sonnet-4-6,3,0.6666666666666666,0.6666666666666666,0.6666666666666666,0.3333333333333333,7,7,"cooperate,cooperate,defect","cooperate,cooperate,defect",defect_last_round,defect_last_round
2026-03-12T05-39-29+00-00_pd-3rounds_9tHVFUUSDq7GF9S2vK4nzv.eval,pd_3rounds,claude-sonnet-4-6,claude-sonnet-4-6,3,0.6666666666666666,0.6666666666666666,0.6666666666666666,0.3333333333333333,7,7,"cooperate,cooperate,defect","cooperate,cooperate,defect",defect_last_round,defect_last_round
2026-03-12T05-39-29+00-00_pd-3rounds_9tHVFUUSDq7GF9S2vK4nzv.eval,pd_3rounds,claude-sonnet-4-6,claude-sonnet-4-6,3,0.6666666666666666,0.6666666666666666,0.6666666666666666,0.3333333333333333,7,7,"cooperate,cooperate,defect","cooperate,cooperate,defect",defect_last_round,defect_last_round
2026-03-12T05-39-29+00-00_pd-3rounds_9tHVFUUSDq7GF9S2vK4nzv.eval,pd_3rounds,claude-sonnet-4-6,claude-sonnet-4-6,3,0.6666666666666666,0.6666666666666666,0.6666666666666666,0.3333333333333333,7,7,"cooperate,cooperate,defect","cooperate,cooperate,defect",defect_last_round,defect_last_round
2026-03-12T05-39-29+00-00_pd-3rounds_9tHVFUUSDq7GF9S2vK4nzv.eval,pd_3rounds,claude-sonnet-4-6,claude-sonnet-4-6,3,0.6666666666666666,0.6666666666666666,0.6666666666666666,0.3333333333333333,7,7,"cooperate,cooperate,defect","cooperate,cooperate,defect",defect_last_round,defect_last_round
2026-03-12T05-39-29+00-00_pd-3rounds_9tHVFUUSDq7GF9S2vK4nzv.eval,pd_3rounds,claude-sonnet-4-6,claude-sonnet-4-6,3,0.6666666666666666,0.6666666666666666,0.6666666666666666,0.3333333333333333,7,7,"cooperate,cooperate,defect","cooperate,cooperate,defect",defect_last_round,defect_last_round
2026-03-12T05-39-29+00-00_pd-3rounds_9tHVFUUSDq7GF9S2vK4nzv.eval,pd_3rounds,claude-sonnet-4-6,claude-sonnet-4-6,3,0.6666666666666666,0.6666666666666666,0.6666666666666666,0.3333333333333333,7,7,"cooperate,cooperate,defect","cooperate,cooperate,defect",defect_last_round,defect_last_round
2026-03-12T05-39-29+00-00_pd-3rounds_9tHVFUUSDq7GF9S2vK4nzv.eval,pd_3rounds,claude-sonnet-4-6,claude-sonnet-4-6,3,0.6666666666666666,0.6666666666666666,0.6666666666666666,0.3333333333333333,7,7,"cooperate,cooperate,defect","cooperate,cooperate,defect",defect_last_round,defect_last_round
2026-03-12T05-39-29+00-00_pd-3rounds_9tHVFUUSDq7GF9S2vK4nzv.eval,pd_3rounds,claude-sonnet-4-6,claude-sonnet-4-6,3,0.6666666666666666,0.6666666666666666,0.6666666666666666,0.3333333333333333,7,7,"cooperate,cooperate,defect","cooperate,cooperate,defect",defect_last_round,defect_last_round
2026-03-12T05-40-42+00-00_pd-3rounds_8bvyH23xWzBhbT4eJPAfRy.eval,pd_3rounds,claude-sonnet-4-6,gpt-5-mini,3,0.6666666666666666,0.3333333333333333,0.3333333333333333,0.3333333333333333,4,9,"cooperate,cooperate,defect","cooperate,defect,defect",tit_for_tat,cooperate_then_defect
2026-03-12T05-40-42+00-00_pd-3rounds_8bvyH23xWzBhbT4eJPAfRy.eval,pd_3rounds,claude-sonnet-4-6,gpt-5-mini,3,0.6666666666666666,0.6666666666666666,0.6666666666666666,0.3333333333333333,7,7,"cooperate,cooperate,defect","cooperate,cooperate,defect",defect_last_round,defect_last_round
2026-03-12T05-40-42+00-00_pd-3rounds_8bvyH23xWzBhbT4eJPAfRy.eval,pd_3rounds,claude-sonnet-4-6,gpt-5-mini,3,0.3333333333333333,0.0,0.0,0.6666666666666666,2,7,"cooperate,defect,defect","defect,defect,defect",tit_for_tat,always_defect
2026-03-12T05-40-42+00-00_pd-3rounds_8bvyH23xWzBhbT4eJPAfRy.eval,pd_3rounds,claude-sonnet-4-6,gpt-5-mini,3,0.3333333333333333,0.3333333333333333,0.0,0.3333333333333333,6,6,"cooperate,defect,defect","defect,cooperate,defect",cooperate_then_defect,suspicious_tit_for_tat
2026-03-12T05-40-42+00-00_pd-3rounds_8bvyH23xWzBhbT4eJPAfRy.eval,pd_3rounds,claude-sonnet-4-6,gpt-5-mini,3,0.3333333333333333,0.0,0.0,0.6666666666666666,2,7,"cooperate,defect,defect","defect,defect,defect",tit_for_tat,always_defect
2026-03-12T05-40-42+00-00_pd-3rounds_8bvyH23xWzBhbT4eJPAfRy.eval,pd_3rounds,claude-sonnet-4-6,gpt-5-mini,3,0.3333333333333333,0.0,0.0,0.6666666666666666,2,7,"cooperate,defect,defect","defect,defect,defect",tit_for_tat,always_defect
2026-03-12T05-40-42+00-00_pd-3rounds_8bvyH23xWzBhbT4eJPAfRy.eval,pd_3rounds,claude-sonnet-4-6,gpt-5-mini,3,0.3333333333333333,0.0,0.0,0.6666666666666666,2,7,"cooperate,defect,defect","defect,defect,defect",tit_for_tat,always_defect
2026-03-12T05-40-42+00-00_pd-3rounds_8bvyH23xWzBhbT4eJPAfRy.eval,pd_3rounds,claude-sonnet-4-6,gpt-5-mini,3,0.3333333333333333,0.3333333333333333,0.0,0.3333333333333333,6,6,"cooperate,defect,defect","defect,cooperate,defect",cooperate_then_defect,suspicious_tit_for_tat
2026-03-12T05-40-42+00-00_pd-3rounds_8bvyH23xWzBhbT4eJPAfRy.eval,pd_3rounds,claude-sonnet-4-6,gpt-5-mini,3,0.3333333333333333,0.0,0.0,0.6666666666666666,2,7,"cooperate,defect,defect","defect,defect,defect",tit_for_tat,always_defect
2026-03-12T05-40-42+00-00_pd-3rounds_8bvyH23xWzBhbT4eJPAfRy.eval,pd_3rounds,claude-sonnet-4-6,gpt-5-mini,3,0.3333333333333333,0.0,0.0,0.6666666666666666,2,7,"cooperate,defect,defect","defect,defect,defect",tit_for_tat,always_defect
2026-03-12T05-41-49+00-00_pd-3rounds_KbJsYNYh7MY4m37tpvyJri.eval,pd_3rounds,claude-sonnet-4-6,gemini-2.5-flash,3,0.3333333333333333,0.0,0.0,0.6666666666666666,2,7,"cooperate,defect,defect","defect,defect,defect",tit_for_tat,always_defect
2026-03-12T05-41-49+00-00_pd-3rounds_KbJsYNYh7MY4m37tpvyJri.eval,pd_3rounds,claude-sonnet-4-6,gemini-2.5-flash,3,0.3333333333333333,0.0,0.0,0.6666666666666666,2,7,"cooperate,defect,defect","defect,defect,defect",tit_for_tat,always_defect
2026-03-12T05-41-49+00-00_pd-3rounds_KbJsYNYh7MY4m37tpvyJri.eval,pd_3rounds,claude-sonnet-4-6,gemini-2.5-flash,3,0.6666666666666666,0.6666666666666666,0.6666666666666666,0.3333333333333333,7,7,"cooperate,cooperate,defect","cooperate,cooperate,defect",defect_last_round,defect_last_round
2026-03-12T05-41-49+00-00_pd-3rounds_KbJsYNYh7MY4m37tpvyJri.eval,pd_3rounds,claude-sonnet-4-6,gemini-2.5-flash,3,0.6666666666666666,0.6666666666666666,0.6666666666666666,0.3333333333333333,7,7,"cooperate,cooperate,defect","cooperate,cooperate,defect",defect_last_round,defect_last_round
2026-03-12T05-41-49+00-00_pd-3rounds_KbJsYNYh7MY4m37tpvyJri.eval,pd_3rounds,claude-sonnet-4-6,gemini-2.5-flash,3,0.3333333333333333,0.0,0.0,0.6666666666666666,2,7,"cooperate,defect,defect","defect,defect,defect",tit_for_tat,always_defect
2026-03-12T05-41-49+00-00_pd-3rounds_KbJsYNYh7MY4m37tpvyJri.eval,pd_3rounds,claude-sonnet-4-6,gemini-2.5-flash,3,0.3333333333333333,0.0,0.0,0.6666666666666666,2,7,"cooperate,defect,defect","defect,defect,defect",tit_for_tat,always_defect
2026-03-12T05-41-49+00-00_pd-3rounds_KbJsYNYh7MY4m37tpvyJri.eval,pd_3rounds,claude-sonnet-4-6,gemini-2.5-flash,3,0.3333333333333333,0.0,0.0,0.6666666666666666,2,7,"cooperate,defect,defect","defect,defect,defect",tit_for_tat,always_defect
2026-03-12T05-41-49+00-00_pd-3rounds_KbJsYNYh7MY4m37tpvyJri.eval,pd_3rounds,claude-sonnet-4-6,gemini-2.5-flash,3,0.3333333333333333,0.0,0.0,0.6666666666666666,2,7,"cooperate,defect,defect","defect,defect,defect",tit_for_tat,always_defect
2026-03-12T05-41-49+00-00_pd-3rounds_KbJsYNYh7MY4m37tpvyJri.eval,pd_3rounds,claude-sonnet-4-6,gemini-2.5-flash,3,0.6666666666666666,0.6666666666666666,0.6666666666666666,0.3333333333333333,7,7,"cooperate,cooperate,defect","cooperate,cooperate,defect",defect_last_round,defect_last_round
2026-03-12T05-41-49+00-00_pd-3rounds_KbJsYNYh7MY4m37tpvyJri.eval,pd_3rounds,claude-sonnet-4-6,gemini-2.5-flash,3,0.3333333333333333,0.0,0.0,0.6666666666666666,2,7,"cooperate,defect,defect","defect,defect,defect",tit_for_tat,always_defect
2026-03-12T05-42-32+00-00_pd-3rounds_6ud9rPufnve6rnoJ4H4WVR.eval,pd_3rounds,claude-sonnet-4-6,grok-4.1-fast,3,0.6666666666666666,0.6666666666666666,0.6666666666666666,0.3333333333333333,7,7,"cooperate,cooperate,defect","cooperate,cooperate,defect",defect_last_round,defect_last_round
2026-03-12T05-42-32+00-00_pd-3rounds_6ud9rPufnve6rnoJ4H4WVR.eval,pd_3rounds,claude-sonnet-4-6,grok-4.1-fast,3,0.6666666666666666,0.6666666666666666,0.6666666666666666,0.3333333333333333,7,7,"cooperate,cooperate,defect","cooperate,cooperate,defect",defect_last_round,defect_last_round
2026-03-12T05-42-32+00-00_pd-3rounds_6ud9rPufnve6rnoJ4H4WVR.eval,pd_3rounds,claude-sonnet-4-6,grok-4.1-fast,3,0.6666666666666666,0.3333333333333333,0.3333333333333333,0.3333333333333333,4,9,"cooperate,cooperate,defect","cooperate,defect,defect",tit_for_tat,cooperate_then_defect
2026-03-12T05-42-32+00-00_pd-3rounds_6ud9rPufnve6rnoJ4H4WVR.eval,pd_3rounds,claude-sonnet-4-6,grok-4.1-fast,3,0.6666666666666666,0.3333333333333333,0.3333333333333333,0.3333333333333333,4,9,"cooperate,cooperate,defect","cooperate,defect,defect",tit_for_tat,cooperate_then_defect
2026-03-12T05-42-32+00-00_pd-3rounds_6ud9rPufnve6rnoJ4H4WVR.eval,pd_3rounds,claude-sonnet-4-6,grok-4.1-fast,3,0.6666666666666666,0.6666666666666666,0.6666666666666666,0.3333333333333333,7,7,"cooperate,cooperate,defect","cooperate,cooperate,defect",defect_last_round,defect_last_round
2026-03-12T05-42-32+00-00_pd-3rounds_6ud9rPufnve6rnoJ4H4WVR.eval,pd_3rounds,claude-sonnet-4-6,grok-4.1-fast,3,0.6666666666666666,0.6666666666666666,0.6666666666666666,0.3333333333333333,7,7,"cooperate,cooperate,defect","cooperate,cooperate,defect",defect_last_round,defect_last_round
2026-03-12T05-42-32+00-00_pd-3rounds_6ud9rPufnve6rnoJ4H4WVR.eval,pd_3rounds,claude-sonnet-4-6,grok-4.1-fast,3,0.6666666666666666,0.6666666666666666,0.6666666666666666,0.3333333333333333,7,7,"cooperate,cooperate,defect","cooperate,cooperate,defect",defect_last_round,defect_last_round
2026-03-12T05-42-32+00-00_pd-3rounds_6ud9rPufnve6rnoJ4H4WVR.eval,pd_3rounds,claude-sonnet-4-6,grok-4.1-fast,3,0.6666666666666666,0.6666666666666666,0.6666666666666666,0.3333333333333333,7,7,"cooperate,cooperate,defect","cooperate,cooperate,defect",defect_last_round,defect_last_round
2026-03-12T05-42-32+00-00_pd-3rounds_6ud9rPufnve6rnoJ4H4WVR.eval,pd_3rounds,claude-sonnet-4-6,grok-4.1-fast,3,0.6666666666666666,0.3333333333333333,0.3333333333333333,0.3333333333333333,4,9,"cooperate,cooperate,defect","cooperate,defect,defect",tit_for_tat,cooperate_then_defect
2026-03-12T05-42-32+00-00_pd-3rounds_6ud9rPufnve6rnoJ4H4WVR.eval,pd_3rounds,claude-sonnet-4-6,grok-4.1-fast,3,1.0,0.6666666666666666,0.6666666666666666,0.0,6,11,"cooperate,cooperate,cooperate","cooperate,cooperate,defect",always_cooperate,defect_last_round
2026-03-12T05-43-59+00-00_pd-3rounds_NwMKvBEPDsuEfrx3nRHaYn.eval,pd_3rounds,gpt-5-mini,gpt-5-mini,3,0.0,0.0,0.0,1.0,3,3,"defect,defect,defect","defect,defect,defect",always_defect,always_defect
2026-03-12T05-43-59+00-00_pd-3rounds_NwMKvBEPDsuEfrx3nRHaYn.eval,pd_3rounds,gpt-5-mini,gpt-5-mini,3,0.3333333333333333,0.0,0.0,0.6666666666666666,2,7,"cooperate,defect,defect","defect,defect,defect",tit_for_tat,always_defect
2026-03-12T05-43-59+00-00_pd-3rounds_NwMKvBEPDsuEfrx3nRHaYn.eval,pd_3rounds,gpt-5-mini,gpt-5-mini,3,0.0,0.3333333333333333,0.0,0.6666666666666666,7,2,"defect,defect,defect","cooperate,defect,defect",always_defect,tit_for_tat
2026-03-12T05-43-59+00-00_pd-3rounds_NwMKvBEPDsuEfrx3nRHaYn.eval,pd_3rounds,gpt-5-mini,gpt-5-mini,3,0.0,0.0,0.0,1.0,3,3,"defect,defect,defect","defect,defect,defect",always_defect,always_defect
2026-03-12T05-43-59+00-00_pd-3rounds_NwMKvBEPDsuEfrx3nRHaYn.eval,pd_3rounds,gpt-5-mini,gpt-5-mini,3,0.3333333333333333,0.0,0.0,0.6666666666666666,2,7,"defect,cooperate,defect","defect,defect,defect",mixed,always_defect
2026-03-12T05-43-59+00-00_pd-3rounds_NwMKvBEPDsuEfrx3nRHaYn.eval,pd_3rounds,gpt-5-mini,gpt-5-mini,3,0.0,0.0,0.0,1.0,3,3,"defect,defect,defect","defect,defect,defect",always_defect,always_defect
2026-03-12T05-43-59+00-00_pd-3rounds_NwMKvBEPDsuEfrx3nRHaYn.eval,pd_3rounds,gpt-5-mini,gpt-5-mini,3,0.0,0.0,0.0,1.0,3,3,"defect,defect,defect","defect,defect,defect",always_defect,always_defect
2026-03-12T05-43-59+00-00_pd-3rounds_NwMKvBEPDsuEfrx3nRHaYn.eval,pd_3rounds,gpt-5-mini,gpt-5-mini,3,0.6666666666666666,0.3333333333333333,0.3333333333333333,0.3333333333333333,4,9,"cooperate,cooperate,defect","cooperate,defect,defect",tit_for_tat,cooperate_then_defect
2026-03-12T05-43-59+00-00_pd-3rounds_NwMKvBEPDsuEfrx3nRHaYn.eval,pd_3rounds,gpt-5-mini,gpt-5-mini,3,0.0,0.0,0.0,1.0,3,3,"defect,defect,defect","defect,defect,defect",always_defect,always_defect
2026-03-12T05-43-59+00-00_pd-3rounds_NwMKvBEPDsuEfrx3nRHaYn.eval,pd_3rounds,gpt-5-mini,gpt-5-mini,3,0.0,0.0,0.0,1.0,3,3,"defect,defect,defect","defect,defect,defect",always_defect,always_defect
2026-03-12T05-45-05+00-00_pd-3rounds_3PLEDMkQxSoCCJzBaSoZT6.eval,pd_3rounds,gpt-5-mini,gemini-2.5-flash,3,0.0,0.3333333333333333,0.0,0.6666666666666666,7,2,"defect,defect,defect","cooperate,defect,defect",always_defect,tit_for_tat
2026-03-12T05-45-05+00-00_pd-3rounds_3PLEDMkQxSoCCJzBaSoZT6.eval,pd_3rounds,gpt-5-mini,gemini-2.5-flash,3,0.0,0.3333333333333333,0.0,0.6666666666666666,7,2,"defect,defect,defect","cooperate,defect,defect",always_defect,tit_for_tat
2026-03-12T05-45-05+00-00_pd-3rounds_3PLEDMkQxSoCCJzBaSoZT6.eval,pd_3rounds,gpt-5-mini,gemini-2.5-flash,3,0.0,0.0,0.0,1.0,3,3,"defect,defect,defect","defect,defect,defect",always_defect,always_defect
2026-03-12T05-45-05+00-00_pd-3rounds_3PLEDMkQxSoCCJzBaSoZT6.eval,pd_3rounds,gpt-5-mini,gemini-2.5-flash,3,0.0,0.3333333333333333,0.0,0.6666666666666666,7,2,"defect,defect,defect","cooperate,defect,defect",always_defect,tit_for_tat
2026-03-12T05-45-05+00-00_pd-3rounds_3PLEDMkQxSoCCJzBaSoZT6.eval,pd_3rounds,gpt-5-mini,gemini-2.5-flash,3,0.0,0.0,0.0,1.0,3,3,"defect,defect,defect","defect,defect,defect",always_defect,always_defect
2026-03-12T05-45-05+00-00_pd-3rounds_3PLEDMkQxSoCCJzBaSoZT6.eval,pd_3rounds,gpt-5-mini,gemini-2.5-flash,3,0.0,0.0,0.0,1.0,3,3,"defect,defect,defect","defect,defect,defect",always_defect,always_defect
2026-03-12T05-45-05+00-00_pd-3rounds_3PLEDMkQxSoCCJzBaSoZT6.eval,pd_3rounds,gpt-5-mini,gemini-2.5-flash,3,0.3333333333333333,0.3333333333333333,0.0,0.3333333333333333,6,6,"defect,cooperate,defect","cooperate,defect,defect",suspicious_tit_for_tat,cooperate_then_defect
2026-03-12T05-45-05+00-00_pd-3rounds_3PLEDMkQxSoCCJzBaSoZT6.eval,pd_3rounds,gpt-5-mini,gemini-2.5-flash,3,0.0,0.3333333333333333,0.0,0.6666666666666666,7,2,"defect,defect,defect","cooperate,defect,defect",always_defect,tit_for_tat
2026-03-12T05-45-05+00-00_pd-3rounds_3PLEDMkQxSoCCJzBaSoZT6.eval,pd_3rounds,gpt-5-mini,gemini-2.5-flash,3,0.0,0.3333333333333333,0.0,0.6666666666666666,7,2,"defect,defect,defect","cooperate,defect,defect",always_defect,tit_for_tat
2026-03-12T05-45-05+00-00_pd-3rounds_3PLEDMkQxSoCCJzBaSoZT6.eval,pd_3rounds,gpt-5-mini,gemini-2.5-flash,3,0.0,0.0,0.0,1.0,3,3,"defect,defect,defect","defect,defect,defect",always_defect,always_defect
2026-03-12T05-46-09+00-00_pd-3rounds_AWnCC5jAGixoo5UMTpZmy8.eval,pd_3rounds,gpt-5-mini,grok-4.1-fast,3,0.0,0.3333333333333333,0.0,0.6666666666666666,7,2,"defect,defect,defect","cooperate,defect,defect",always_defect,tit_for_tat
2026-03-12T05-46-09+00-00_pd-3rounds_AWnCC5jAGixoo5UMTpZmy8.eval,pd_3rounds,gpt-5-mini,grok-4.1-fast,3,0.0,0.3333333333333333,0.0,0.6666666666666666,7,2,"defect,defect,defect","cooperate,defect,defect",always_defect,tit_for_tat
2026-03-12T05-46-09+00-00_pd-3rounds_AWnCC5jAGixoo5UMTpZmy8.eval,pd_3rounds,gpt-5-mini,grok-4.1-fast,3,0.0,0.3333333333333333,0.0,0.6666666666666666,7,2,"defect,defect,defect","cooperate,defect,defect",always_defect,tit_for_tat
2026-03-12T05-46-09+00-00_pd-3rounds_AWnCC5jAGixoo5UMTpZmy8.eval,pd_3rounds,gpt-5-mini,grok-4.1-fast,3,0.3333333333333333,0.3333333333333333,0.0,0.3333333333333333,6,6,"defect,cooperate,defect","cooperate,defect,defect",suspicious_tit_for_tat,cooperate_then_defect
2026-03-12T05-46-09+00-00_pd-3rounds_AWnCC5jAGixoo5UMTpZmy8.eval,pd_3rounds,gpt-5-mini,grok-4.1-fast,3,0.0,0.3333333333333333,0.0,0.6666666666666666,7,2,"defect,defect,defect","cooperate,defect,defect",always_defect,tit_for_tat
2026-03-12T05-46-09+00-00_pd-3rounds_AWnCC5jAGixoo5UMTpZmy8.eval,pd_3rounds,gpt-5-mini,grok-4.1-fast,3,0.0,0.3333333333333333,0.0,0.6666666666666666,7,2,"defect,defect,defect","cooperate,defect,defect",always_defect,tit_for_tat
2026-03-12T05-46-09+00-00_pd-3rounds_AWnCC5jAGixoo5UMTpZmy8.eval,pd_3rounds,gpt-5-mini,grok-4.1-fast,3,0.0,0.3333333333333333,0.0,0.6666666666666666,7,2,"defect,defect,defect","cooperate,defect,defect",always_defect,tit_for_tat
2026-03-12T05-46-09+00-00_pd-3rounds_AWnCC5jAGixoo5UMTpZmy8.eval,pd_3rounds,gpt-5-mini,grok-4.1-fast,3,0.3333333333333333,0.3333333333333333,0.0,0.3333333333333333,6,6,"defect,cooperate,defect","cooperate,defect,defect",suspicious_tit_for_tat,cooperate_then_defect
2026-03-12T05-46-09+00-00_pd-3rounds_AWnCC5jAGixoo5UMTpZmy8.eval,pd_3rounds,gpt-5-mini,grok-4.1-fast,3,0.0,0.3333333333333333,0.0,0.6666666666666666,7,2,"defect,defect,defect","cooperate,defect,defect",always_defect,tit_for_tat
2026-03-12T05-46-09+00-00_pd-3rounds_AWnCC5jAGixoo5UMTpZmy8.eval,pd_3rounds,gpt-5-mini,grok-4.1-fast,3,0.0,0.3333333333333333,0.0,0.6666666666666666,7,2,"defect,defect,defect","cooperate,defect,defect",always_defect,tit_for_tat
2026-03-12T05-47-13+00-00_pd-3rounds_3i4X2in5eZQo5ZjadoBFwk.eval,pd_3rounds,gemini-2.5-flash,gemini-2.5-flash,3,0.0,0.3333333333333333,0.0,0.6666666666666666,7,2,"defect,defect,defect","cooperate,defect,defect",always_defect,tit_for_tat
2026-03-12T05-47-13+00-00_pd-3rounds_3i4X2in5eZQo5ZjadoBFwk.eval,pd_3rounds,gemini-2.5-flash,gemini-2.5-flash,3,0.0,0.0,0.0,1.0,3,3,"defect,defect,defect","defect,defect,defect",always_defect,always_defect
2026-03-12T05-47-13+00-00_pd-3rounds_3i4X2in5eZQo5ZjadoBFwk.eval,pd_3rounds,gemini-2.5-flash,gemini-2.5-flash,3,0.0,0.0,0.0,1.0,3,3,"defect,defect,defect","defect,defect,defect",always_defect,always_defect
2026-03-12T05-47-13+00-00_pd-3rounds_3i4X2in5eZQo5ZjadoBFwk.eval,pd_3rounds,gemini-2.5-flash,gemini-2.5-flash,3,0.0,0.3333333333333333,0.0,0.6666666666666666,7,2,"defect,defect,defect","defect,cooperate,defect",always_defect,mixed
2026-03-12T05-47-13+00-00_pd-3rounds_3i4X2in5eZQo5ZjadoBFwk.eval,pd_3rounds,gemini-2.5-flash,gemini-2.5-flash,3,0.0,0.3333333333333333,0.0,0.6666666666666666,7,2,"defect,defect,defect","cooperate,defect,defect",always_defect,tit_for_tat
2026-03-12T05-47-13+00-00_pd-3rounds_3i4X2in5eZQo5ZjadoBFwk.eval,pd_3rounds,gemini-2.5-flash,gemini-2.5-flash,3,0.0,0.3333333333333333,0.0,0.6666666666666666,7,2,"defect,defect,defect","cooperate,defect,defect",always_defect,tit_for_tat
2026-03-12T05-47-13+00-00_pd-3rounds_3i4X2in5eZQo5ZjadoBFwk.eval,pd_3rounds,gemini-2.5-flash,gemini-2.5-flash,3,0.0,0.0,0.0,1.0,3,3,"defect,defect,defect","defect,defect,defect",always_defect,always_defect
2026-03-12T05-47-13+00-00_pd-3rounds_3i4X2in5eZQo5ZjadoBFwk.eval,pd_3rounds,gemini-2.5-flash,gemini-2.5-flash,3,0.0,0.0,0.0,1.0,3,3,"defect,defect,defect","defect,defect,defect",always_defect,always_defect
2026-03-12T05-47-13+00-00_pd-3rounds_3i4X2in5eZQo5ZjadoBFwk.eval,pd_3rounds,gemini-2.5-flash,gemini-2.5-flash,3,0.0,0.0,0.0,1.0,3,3,"defect,defect,defect","defect,defect,defect",always_defect,always_defect
2026-03-12T05-47-13+00-00_pd-3rounds_3i4X2in5eZQo5ZjadoBFwk.eval,pd_3rounds,gemini-2.5-flash,gemini-2.5-flash,3,0.0,0.0,0.0,1.0,3,3,"defect,defect,defect","defect,defect,defect",always_defect,always_defect
2026-03-12T05-47-35+00-00_pd-3rounds_ePFjutHHh2kBcDjhaMTARx.eval,pd_3rounds,gemini-2.5-flash,grok-4.1-fast,3,0.6666666666666666,0.6666666666666666,0.6666666666666666,0.3333333333333333,7,7,"cooperate,cooperate,defect","cooperate,cooperate,defect",defect_last_round,defect_last_round
2026-03-12T05-47-35+00-00_pd-3rounds_ePFjutHHh2kBcDjhaMTARx.eval,pd_3rounds,gemini-2.5-flash,grok-4.1-fast,3,0.0,0.3333333333333333,0.0,0.6666666666666666,7,2,"defect,defect,defect","cooperate,defect,defect",always_defect,tit_for_tat
2026-03-12T05-47-35+00-00_pd-3rounds_ePFjutHHh2kBcDjhaMTARx.eval,pd_3rounds,gemini-2.5-flash,grok-4.1-fast,3,0.0,0.3333333333333333,0.0,0.6666666666666666,7,2,"defect,defect,defect","cooperate,defect,defect",always_defect,tit_for_tat
2026-03-12T05-47-35+00-00_pd-3rounds_ePFjutHHh2kBcDjhaMTARx.eval,pd_3rounds,gemini-2.5-flash,grok-4.1-fast,3,0.0,0.3333333333333333,0.0,0.6666666666666666,7,2,"defect,defect,defect","cooperate,defect,defect",always_defect,tit_for_tat
2026-03-12T05-47-35+00-00_pd-3rounds_ePFjutHHh2kBcDjhaMTARx.eval,pd_3rounds,gemini-2.5-flash,grok-4.1-fast,3,0.0,0.3333333333333333,0.0,0.6666666666666666,7,2,"defect,defect,defect","cooperate,defect,defect",always_defect,tit_for_tat
2026-03-12T05-47-35+00-00_pd-3rounds_ePFjutHHh2kBcDjhaMTARx.eval,pd_3rounds,gemini-2.5-flash,grok-4.1-fast,3,0.0,0.3333333333333333,0.0,0.6666666666666666,7,2,"defect,defect,defect","cooperate,defect,defect",always_defect,tit_for_tat
2026-03-12T05-47-35+00-00_pd-3rounds_ePFjutHHh2kBcDjhaMTARx.eval,pd_3rounds,gemini-2.5-flash,grok-4.1-fast,3,0.0,0.3333333333333333,0.0,0.6666666666666666,7,2,"defect,defect,defect","cooperate,defect,defect",always_defect,tit_for_tat
2026-03-12T05-47-35+00-00_pd-3rounds_ePFjutHHh2kBcDjhaMTARx.eval,pd_3rounds,gemini-2.5-flash,grok-4.1-fast,3,0.0,0.3333333333333333,0.0,0.6666666666666666,7,2,"defect,defect,defect","cooperate,defect,defect",always_defect,tit_for_tat
2026-03-12T05-47-35+00-00_pd-3rounds_ePFjutHHh2kBcDjhaMTARx.eval,pd_3rounds,gemini-2.5-flash,grok-4.1-fast,3,0.0,0.3333333333333333,0.0,0.6666666666666666,7,2,"defect,defect,defect","cooperate,defect,defect",always_defect,tit_for_tat
2026-03-12T05-47-35+00-00_pd-3rounds_ePFjutHHh2kBcDjhaMTARx.eval,pd_3rounds,gemini-2.5-flash,grok-4.1-fast,3,0.0,0.3333333333333333,0.0,0.6666666666666666,7,2,"defect,defect,defect","cooperate,defect,defect",always_defect,tit_for_tat
2026-03-12T05-48-16+00-00_pd-3rounds_H4rhzehzdrTwX7erBtWZxd.eval,pd_3rounds,grok-4.1-fast,grok-4.1-fast,3,0.3333333333333333,0.6666666666666666,0.3333333333333333,0.3333333333333333,9,4,"cooperate,defect,defect","cooperate,cooperate,defect",cooperate_then_defect,tit_for_tat
2026-03-12T05-48-16+00-00_pd-3rounds_H4rhzehzdrTwX7erBtWZxd.eval,pd_3rounds,grok-4.1-fast,grok-4.1-fast,3,0.3333333333333333,0.3333333333333333,0.3333333333333333,0.6666666666666666,5,5,"cooperate,defect,defect","cooperate,defect,defect",cooperate_then_defect,cooperate_then_defect
2026-03-12T05-48-16+00-00_pd-3rounds_H4rhzehzdrTwX7erBtWZxd.eval,pd_3rounds,grok-4.1-fast,grok-4.1-fast,3,0.6666666666666666,0.3333333333333333,0.3333333333333333,0.3333333333333333,4,9,"cooperate,cooperate,defect","cooperate,defect,defect",tit_for_tat,cooperate_then_defect
2026-03-12T05-48-16+00-00_pd-3rounds_H4rhzehzdrTwX7erBtWZxd.eval,pd_3rounds,grok-4.1-fast,grok-4.1-fast,3,0.6666666666666666,0.6666666666666666,0.6666666666666666,0.3333333333333333,7,7,"cooperate,cooperate,defect","cooperate,cooperate,defect",defect_last_round,defect_last_round
2026-03-12T05-48-16+00-00_pd-3rounds_H4rhzehzdrTwX7erBtWZxd.eval,pd_3rounds,grok-4.1-fast,grok-4.1-fast,3,0.6666666666666666,0.6666666666666666,0.6666666666666666,0.3333333333333333,7,7,"cooperate,cooperate,defect","cooperate,cooperate,defect",defect_last_round,defect_last_round
2026-03-12T05-48-16+00-00_pd-3rounds_H4rhzehzdrTwX7erBtWZxd.eval,pd_3rounds,grok-4.1-fast,grok-4.1-fast,3,0.6666666666666666,0.3333333333333333,0.3333333333333333,0.3333333333333333,4,9,"cooperate,cooperate,defect","cooperate,defect,defect",tit_for_tat,cooperate_then_defect
2026-03-12T05-48-16+00-00_pd-3rounds_H4rhzehzdrTwX7erBtWZxd.eval,pd_3rounds,grok-4.1-fast,grok-4.1-fast,3,0.3333333333333333,0.6666666666666666,0.3333333333333333,0.3333333333333333,9,4,"cooperate,defect,defect","cooperate,cooperate,defect",cooperate_then_defect,tit_for_tat
2026-03-12T05-48-16+00-00_pd-3rounds_H4rhzehzdrTwX7erBtWZxd.eval,pd_3rounds,grok-4.1-fast,grok-4.1-fast,3,0.6666666666666666,0.6666666666666666,0.6666666666666666,0.3333333333333333,7,7,"cooperate,cooperate,defect","cooperate,cooperate,defect",defect_last_round,defect_last_round
2026-03-12T05-48-16+00-00_pd-3rounds_H4rhzehzdrTwX7erBtWZxd.eval,pd_3rounds,grok-4.1-fast,grok-4.1-fast,3,0.6666666666666666,0.3333333333333333,0.3333333333333333,0.3333333333333333,4,9,"cooperate,cooperate,defect","cooperate,defect,defect",tit_for_tat,cooperate_then_defect
2026-03-12T05-48-16+00-00_pd-3rounds_H4rhzehzdrTwX7erBtWZxd.eval,pd_3rounds,grok-4.1-fast,grok-4.1-fast,3,0.6666666666666666,0.3333333333333333,0.3333333333333333,0.3333333333333333,4,9,"cooperate,cooperate,defect","cooperate,defect,defect",tit_for_tat,cooperate_then_defect
2026-03-12T05-49-52+00-00_pd-10rounds_jFTuEimg96JTKoRHJt8FEQ.eval,pd_10rounds,claude-sonnet-4-6,claude-sonnet-4-6,10,1.0,0.9,0.9,0.0,27,32,"cooperate,cooperate,cooperate,cooperate,cooperate,cooperate,cooperate,cooperate,cooperate,cooperate","cooperate,cooperate,cooperate,cooperate,cooperate,cooperate,cooperate,cooperate,cooperate,defect",always_cooperate,defect_last_round
2026-03-12T05-49-52+00-00_pd-10rounds_jFTuEimg96JTKoRHJt8FEQ.eval,pd_10rounds,claude-sonnet-4-6,claude-sonnet-4-6,10,1.0,0.9,0.9,0.0,27,32,"cooperate,cooperate,cooperate,cooperate,cooperate,cooperate,cooperate,cooperate,cooperate,cooperate","cooperate,cooperate,cooperate,cooperate,cooperate,cooperate,cooperate,cooperate,cooperate,defect",always_cooperate,defect_last_round
2026-03-12T05-49-52+00-00_pd-10rounds_jFTuEimg96JTKoRHJt8FEQ.eval,pd_10rounds,claude-sonnet-4-6,claude-sonnet-4-6,10,0.9,0.8,0.8,0.1,25,30,"cooperate,cooperate,cooperate,cooperate,cooperate,cooperate,cooperate,cooperate,cooperate,defect","cooperate,cooperate,cooperate,cooperate,cooperate,cooperate,cooperate,cooperate,defect,defect",tit_for_tat,cooperate_then_defect
2026-03-12T05-49-52+00-00_pd-10rounds_jFTuEimg96JTKoRHJt8FEQ.eval,pd_10rounds,claude-sonnet-4-6,claude-sonnet-4-6,10,1.0,1.0,1.0,0.0,30,30,"cooperate,cooperate,cooperate,cooperate,cooperate,cooperate,cooperate,cooperate,cooperate,cooperate","cooperate,cooperate,cooperate,cooperate,cooperate,cooperate,cooperate,cooperate,cooperate,cooperate",always_cooperate,always_cooperate
2026-03-12T05-49-52+00-00_pd-10rounds_jFTuEimg96JTKoRHJt8FEQ.eval,pd_10rounds,claude-sonnet-4-6,claude-sonnet-4-6,10,1.0,1.0,1.0,0.0,30,30,"cooperate,cooperate,cooperate,cooperate,cooperate,cooperate,cooperate,cooperate,cooperate,cooperate","cooperate,cooperate,cooperate,cooperate,cooperate,cooperate,cooperate,cooperate,cooperate,cooperate",always_cooperate,always_cooperate
2026-03-12T05-49-52+00-00_pd-10rounds_jFTuEimg96JTKoRHJt8FEQ.eval,pd_10rounds,claude-sonnet-4-6,claude-sonnet-4-6,10,1.0,1.0,1.0,0.0,30,30,"cooperate,cooperate,cooperate,cooperate,cooperate,cooperate,cooperate,cooperate,cooperate,cooperate","cooperate,cooperate,cooperate,cooperate,cooperate,cooperate,cooperate,cooperate,cooperate,cooperate",always_cooperate,always_cooperate
2026-03-12T05-49-52+00-00_pd-10rounds_jFTuEimg96JTKoRHJt8FEQ.eval,pd_10rounds,claude-sonnet-4-6,claude-sonnet-4-6,10,0.9,0.9,0.9,0.1,28,28,"cooperate,cooperate,cooperate,cooperate,cooperate,cooperate,cooperate,cooperate,cooperate,defect","cooperate,cooperate,cooperate,cooperate,cooperate,cooperate,cooperate,cooperate,cooperate,defect",defect_last_round,defect_last_round
2026-03-12T05-49-52+00-00_pd-10rounds_jFTuEimg96JTKoRHJt8FEQ.eval,pd_10rounds,claude-sonnet-4-6,claude-sonnet-4-6,10,0.9,0.9,0.9,0.1,28,28,"cooperate,cooperate,cooperate,cooperate,cooperate,cooperate,cooperate,cooperate,cooperate,defect","cooperate,cooperate,cooperate,cooperate,cooperate,cooperate,cooperate,cooperate,cooperate,defect",defect_last_round,defect_last_round
2026-03-12T05-49-52+00-00_pd-10rounds_jFTuEimg96JTKoRHJt8FEQ.eval,pd_10rounds,claude-sonnet-4-6,claude-sonnet-4-6,10,1.0,0.9,0.9,0.0,27,32,"cooperate,cooperate,cooperate,cooperate,cooperate,cooperate,cooperate,cooperate,cooperate,cooperate","cooperate,cooperate,cooperate,cooperate,cooperate,cooperate,cooperate,cooperate,cooperate,defect",always_cooperate,defect_last_round
2026-03-12T05-49-52+00-00_pd-10rounds_jFTuEimg96JTKoRHJt8FEQ.eval,pd_10rounds,claude-sonnet-4-6,claude-sonnet-4-6,10,0.9,0.9,0.9,0.1,28,28,"cooperate,cooperate,cooperate,cooperate,cooperate,cooperate,cooperate,cooperate,cooperate,defect","cooperate,cooperate,cooperate,cooperate,cooperate,cooperate,cooperate,cooperate,cooperate,defect",defect_last_round,defect_last_round
2026-03-12T05-52-31+00-00_pd-10rounds_XnNhNxYXrMCC9QUjUAB4YE.eval,pd_10rounds,claude-sonnet-4-6,gpt-5-mini,10,0.9,0.9,0.9,0.1,28,28,"cooperate,cooperate,cooperate,cooperate,cooperate,cooperate,cooperate,cooperate,cooperate,defect","cooperate,cooperate,cooperate,cooperate,cooperate,cooperate,cooperate,cooperate,cooperate,defect",defect_last_round,defect_last_round
2026-03-12T05-52-31+00-00_pd-10rounds_XnNhNxYXrMCC9QUjUAB4YE.eval,pd_10rounds,claude-sonnet-4-6,gpt-5-mini,10,0.9,0.9,0.9,0.1,28,28,"cooperate,cooperate,cooperate,cooperate,cooperate,cooperate,cooperate,cooperate,cooperate,defect","cooperate,cooperate,cooperate,cooperate,cooperate,cooperate,cooperate,cooperate,cooperate,defect",defect_last_round,defect_last_round
2026-03-12T05-52-31+00-00_pd-10rounds_XnNhNxYXrMCC9QUjUAB4YE.eval,pd_10rounds,claude-sonnet-4-6,gpt-5-mini,10,0.9,0.8,0.8,0.1,25,30,"cooperate,cooperate,cooperate,cooperate,cooperate,cooperate,cooperate,cooperate,cooperate,defect","cooperate,cooperate,cooperate,cooperate,cooperate,cooperate,cooperate,cooperate,defect,defect",tit_for_tat,cooperate_then_defect
2026-03-12T05-52-31+00-00_pd-10rounds_XnNhNxYXrMCC9QUjUAB4YE.eval,pd_10rounds,claude-sonnet-4-6,gpt-5-mini,10,0.9,0.8,0.8,0.1,25,30,"cooperate,cooperate,cooperate,cooperate,cooperate,cooperate,cooperate,cooperate,cooperate,defect","cooperate,cooperate,cooperate,cooperate,cooperate,cooperate,cooperate,cooperate,defect,defect",tit_for_tat,cooperate_then_defect
2026-03-12T05-52-31+00-00_pd-10rounds_XnNhNxYXrMCC9QUjUAB4YE.eval,pd_10rounds,claude-sonnet-4-6,gpt-5-mini,10,0.9,0.9,0.9,0.1,28,28,"cooperate,cooperate,cooperate,cooperate,cooperate,cooperate,cooperate,cooperate,cooperate,defect","cooperate,cooperate,cooperate,cooperate,cooperate,cooperate,cooperate,cooperate,cooperate,defect",defect_last_round,defect_last_round
2026-03-12T05-52-31+00-00_pd-10rounds_XnNhNxYXrMCC9QUjUAB4YE.eval,pd_10rounds,claude-sonnet-4-6,gpt-5-mini,10,0.9,0.8,0.8,0.1,25,30,"cooperate,cooperate,cooperate,cooperate,cooperate,cooperate,cooperate,cooperate,cooperate,defect","cooperate,cooperate,cooperate,cooperate,cooperate,cooperate,cooperate,cooperate,defect,defect",tit_for_tat,cooperate_then_defect
2026-03-12T05-52-31+00-00_pd-10rounds_XnNhNxYXrMCC9QUjUAB4YE.eval,pd_10rounds,claude-sonnet-4-6,gpt-5-mini,10,1.0,0.9,0.9,0.0,27,32,"cooperate,cooperate,cooperate,cooperate,cooperate,cooperate,cooperate,cooperate,cooperate,cooperate","cooperate,cooperate,cooperate,cooperate,cooperate,cooperate,cooperate,cooperate,cooperate,defect",always_cooperate,defect_last_round
2026-03-12T05-52-31+00-00_pd-10rounds_XnNhNxYXrMCC9QUjUAB4YE.eval,pd_10rounds,claude-sonnet-4-6,gpt-5-mini,10,0.8,0.8,0.7,0.1,27,27,"cooperate,defect,cooperate,cooperate,cooperate,cooperate,cooperate,cooperate,cooperate,defect","defect,cooperate,cooperate,cooperate,cooperate,cooperate,cooperate,cooperate,cooperate,defect",mixed,mixed
2026-03-12T05-52-31+00-00_pd-10rounds_XnNhNxYXrMCC9QUjUAB4YE.eval,pd_10rounds,claude-sonnet-4-6,gpt-5-mini,10,1.0,0.9,0.9,0.0,27,32,"cooperate,cooperate,cooperate,cooperate,cooperate,cooperate,cooperate,cooperate,cooperate,cooperate","cooperate,cooperate,cooperate,cooperate,cooperate,cooperate,cooperate,cooperate,cooperate,defect",always_cooperate,defect_last_round
2026-03-12T05-52-31+00-00_pd-10rounds_XnNhNxYXrMCC9QUjUAB4YE.eval,pd_10rounds,claude-sonnet-4-6,gpt-5-mini,10,0.9,0.8,0.8,0.1,25,30,"cooperate,cooperate,cooperate,cooperate,cooperate,cooperate,cooperate,cooperate,cooperate,defect","cooperate,cooperate,cooperate,cooperate,cooperate,cooperate,cooperate,cooperate,defect,defect",tit_for_tat,cooperate_then_defect
2026-03-12T05-56-18+00-00_pd-10rounds_CeLpxrDXa9nVBfKvgiHLqp.eval,pd_10rounds,claude-sonnet-4-6,gemini-2.5-flash,10,0.9,0.8,0.8,0.1,25,30,"cooperate,cooperate,cooperate,cooperate,cooperate,cooperate,cooperate,cooperate,cooperate,defect","cooperate,cooperate,cooperate,cooperate,cooperate,cooperate,cooperate,cooperate,defect,defect",tit_for_tat,cooperate_then_defect
2026-03-12T05-56-18+00-00_pd-10rounds_CeLpxrDXa9nVBfKvgiHLqp.eval,pd_10rounds,claude-sonnet-4-6,gemini-2.5-flash,10,0.9,0.8,0.8,0.1,25,30,"cooperate,cooperate,cooperate,cooperate,cooperate,cooperate,cooperate,cooperate,cooperate,defect","cooperate,cooperate,cooperate,cooperate,cooperate,cooperate,cooperate,cooperate,defect,defect",tit_for_tat,cooperate_then_defect
2026-03-12T05-56-18+00-00_pd-10rounds_CeLpxrDXa9nVBfKvgiHLqp.eval,pd_10rounds,claude-sonnet-4-6,gemini-2.5-flash,10,0.7,0.6,0.6,0.3,21,26,"cooperate,cooperate,cooperate,cooperate,cooperate,cooperate,cooperate,defect,defect,defect","cooperate,cooperate,cooperate,cooperate,cooperate,cooperate,defect,defect,defect,defect",tit_for_tat,cooperate_then_defect
2026-03-12T05-56-18+00-00_pd-10rounds_CeLpxrDXa9nVBfKvgiHLqp.eval,pd_10rounds,claude-sonnet-4-6,gemini-2.5-flash,10,0.9,0.8,0.8,0.1,25,30,"cooperate,cooperate,cooperate,cooperate,cooperate,cooperate,cooperate,cooperate,cooperate,defect","cooperate,cooperate,cooperate,cooperate,cooperate,cooperate,cooperate,cooperate,defect,defect",tit_for_tat,cooperate_then_defect
2026-03-12T05-56-18+00-00_pd-10rounds_CeLpxrDXa9nVBfKvgiHLqp.eval,pd_10rounds,claude-sonnet-4-6,gemini-2.5-flash,10,0.9,0.8,0.8,0.1,25,30,"cooperate,cooperate,cooperate,cooperate,cooperate,cooperate,cooperate,cooperate,cooperate,defect","cooperate,cooperate,cooperate,cooperate,cooperate,cooperate,cooperate,cooperate,defect,defect",tit_for_tat,cooperate_then_defect
2026-03-12T05-56-18+00-00_pd-10rounds_CeLpxrDXa9nVBfKvgiHLqp.eval,pd_10rounds,claude-sonnet-4-6,gemini-2.5-flash,10,0.9,0.9,0.9,0.1,28,28,"cooperate,cooperate,cooperate,cooperate,cooperate,cooperate,cooperate,cooperate,cooperate,defect","cooperate,cooperate,cooperate,cooperate,cooperate,cooperate,cooperate,cooperate,cooperate,defect",defect_last_round,defect_last_round
2026-03-12T05-56-18+00-00_pd-10rounds_CeLpxrDXa9nVBfKvgiHLqp.eval,pd_10rounds,claude-sonnet-4-6,gemini-2.5-flash,10,0.9,0.8,0.8,0.1,25,30,"cooperate,cooperate,cooperate,cooperate,cooperate,cooperate,cooperate,cooperate,cooperate,defect","cooperate,cooperate,cooperate,cooperate,cooperate,cooperate,cooperate,cooperate,defect,defect",tit_for_tat,cooperate_then_defect
2026-03-12T05-56-18+00-00_pd-10rounds_CeLpxrDXa9nVBfKvgiHLqp.eval,pd_10rounds,claude-sonnet-4-6,gemini-2.5-flash,10,1.0,0.9,0.9,0.0,27,32,"cooperate,cooperate,cooperate,cooperate,cooperate,cooperate,cooperate,cooperate,cooperate,cooperate","cooperate,cooperate,cooperate,cooperate,cooperate,cooperate,cooperate,cooperate,cooperate,defect",always_cooperate,defect_last_round
2026-03-12T05-56-18+00-00_pd-10rounds_CeLpxrDXa9nVBfKvgiHLqp.eval,pd_10rounds,claude-sonnet-4-6,gemini-2.5-flash,10,1.0,0.9,0.9,0.0,27,32,"cooperate,cooperate,cooperate,cooperate,cooperate,cooperate,cooperate,cooperate,cooperate,cooperate","cooperate,cooperate,cooperate,cooperate,cooperate,cooperate,cooperate,cooperate,cooperate,defect",always_cooperate,defect_last_round
2026-03-12T05-56-18+00-00_pd-10rounds_CeLpxrDXa9nVBfKvgiHLqp.eval,pd_10rounds,claude-sonnet-4-6,gemini-2.5-flash,10,1.0,0.9,0.9,0.0,27,32,"cooperate,cooperate,cooperate,cooperate,cooperate,cooperate,cooperate,cooperate,cooperate,cooperate","cooperate,cooperate,cooperate,cooperate,cooperate,cooperate,cooperate,cooperate,cooperate,defect",always_cooperate,defect_last_round
2026-03-12T05-57-55+00-00_pd-10rounds_ipNnAjqNw2eU9bBX5aL2Lv.eval,pd_10rounds,claude-sonnet-4-6,grok-4.1-fast,10,1.0,0.9,0.9,0.0,27,32,"cooperate,cooperate,cooperate,cooperate,cooperate,cooperate,cooperate,cooperate,cooperate,cooperate","cooperate,cooperate,cooperate,cooperate,cooperate,cooperate,cooperate,cooperate,cooperate,defect",always_cooperate,defect_last_round
2026-03-12T05-57-55+00-00_pd-10rounds_ipNnAjqNw2eU9bBX5aL2Lv.eval,pd_10rounds,claude-sonnet-4-6,grok-4.1-fast,10,1.0,0.9,0.9,0.0,27,32,"cooperate,cooperate,cooperate,cooperate,cooperate,cooperate,cooperate,cooperate,cooperate,cooperate","cooperate,cooperate,cooperate,cooperate,cooperate,cooperate,cooperate,cooperate,cooperate,defect",always_cooperate,defect_last_round
2026-03-12T05-57-55+00-00_pd-10rounds_ipNnAjqNw2eU9bBX5aL2Lv.eval,pd_10rounds,claude-sonnet-4-6,grok-4.1-fast,10,1.0,0.9,0.9,0.0,27,32,"cooperate,cooperate,cooperate,cooperate,cooperate,cooperate,cooperate,cooperate,cooperate,cooperate","cooperate,cooperate,cooperate,cooperate,cooperate,cooperate,cooperate,cooperate,cooperate,defect",always_cooperate,defect_last_round
2026-03-12T05-57-55+00-00_pd-10rounds_ipNnAjqNw2eU9bBX5aL2Lv.eval,pd_10rounds,claude-sonnet-4-6,grok-4.1-fast,10,0.9,0.8,0.8,0.1,25,30,"cooperate,cooperate,cooperate,cooperate,cooperate,cooperate,cooperate,cooperate,cooperate,defect","cooperate,cooperate,cooperate,cooperate,cooperate,cooperate,cooperate,cooperate,defect,defect",tit_for_tat,cooperate_then_defect
2026-03-12T05-57-55+00-00_pd-10rounds_ipNnAjqNw2eU9bBX5aL2Lv.eval,pd_10rounds,claude-sonnet-4-6,grok-4.1-fast,10,1.0,0.9,0.9,0.0,27,32,"cooperate,cooperate,cooperate,cooperate,cooperate,cooperate,cooperate,cooperate,cooperate,cooperate","cooperate,cooperate,cooperate,cooperate,cooperate,cooperate,cooperate,cooperate,cooperate,defect",always_cooperate,defect_last_round
2026-03-12T05-57-55+00-00_pd-10rounds_ipNnAjqNw2eU9bBX5aL2Lv.eval,pd_10rounds,claude-sonnet-4-6,grok-4.1-fast,10,0.9,0.9,0.9,0.1,28,28,"cooperate,cooperate,cooperate,cooperate,cooperate,cooperate,cooperate,cooperate,cooperate,defect","cooperate,cooperate,cooperate,cooperate,cooperate,cooperate,cooperate,cooperate,cooperate,defect",defect_last_round,defect_last_round
2026-03-12T05-57-55+00-00_pd-10rounds_ipNnAjqNw2eU9bBX5aL2Lv.eval,pd_10rounds,claude-sonnet-4-6,grok-4.1-fast,10,1.0,0.9,0.9,0.0,27,32,"cooperate,cooperate,cooperate,cooperate,cooperate,cooperate,cooperate,cooperate,cooperate,cooperate","cooperate,cooperate,cooperate,cooperate,cooperate,cooperate,cooperate,cooperate,cooperate,defect",always_cooperate,defect_last_round
2026-03-12T05-57-55+00-00_pd-10rounds_ipNnAjqNw2eU9bBX5aL2Lv.eval,pd_10rounds,claude-sonnet-4-6,grok-4.1-fast,10,1.0,0.9,0.9,0.0,27,32,"cooperate,cooperate,cooperate,cooperate,cooperate,cooperate,cooperate,cooperate,cooperate,cooperate","cooperate,cooperate,cooperate,cooperate,cooperate,cooperate,cooperate,cooperate,cooperate,defect",always_cooperate,defect_last_round
2026-03-12T05-57-55+00-00_pd-10rounds_ipNnAjqNw2eU9bBX5aL2Lv.eval,pd_10rounds,claude-sonnet-4-6,grok-4.1-fast,10,1.0,0.9,0.9,0.0,27,32,"cooperate,cooperate,cooperate,cooperate,cooperate,cooperate,cooperate,cooperate,cooperate,cooperate","cooperate,cooperate,cooperate,cooperate,cooperate,cooperate,cooperate,cooperate,cooperate,defect",always_cooperate,defect_last_round
2026-03-12T05-57-55+00-00_pd-10rounds_ipNnAjqNw2eU9bBX5aL2Lv.eval,pd_10rounds,claude-sonnet-4-6,grok-4.1-fast,10,0.9,0.8,0.8,0.1,25,30,"cooperate,cooperate,cooperate,cooperate,cooperate,cooperate,cooperate,cooperate,cooperate,defect","cooperate,cooperate,cooperate,cooperate,cooperate,cooperate,cooperate,cooperate,defect,defect",tit_for_tat,cooperate_then_defect
2026-03-12T06-01-25+00-00_pd-10rounds_Xb8UJVTzu7GwLKsp2ncTFR.eval,pd_10rounds,gpt-5-mini,gpt-5-mini,10,0.8,0.8,0.8,0.2,26,26,"cooperate,cooperate,cooperate,cooperate,cooperate,cooperate,cooperate,cooperate,defect,defect","cooperate,cooperate,cooperate,cooperate,cooperate,cooperate,cooperate,cooperate,defect,defect",cooperate_then_defect,cooperate_then_defect
2026-03-12T06-01-25+00-00_pd-10rounds_Xb8UJVTzu7GwLKsp2ncTFR.eval,pd_10rounds,gpt-5-mini,gpt-5-mini,10,0.8,0.8,0.7,0.1,27,27,"defect,cooperate,cooperate,cooperate,cooperate,cooperate,cooperate,cooperate,cooperate,defect","cooperate,defect,cooperate,cooperate,cooperate,cooperate,cooperate,cooperate,cooperate,defect",mixed,mixed
2026-03-12T06-01-25+00-00_pd-10rounds_Xb8UJVTzu7GwLKsp2ncTFR.eval,pd_10rounds,gpt-5-mini,gpt-5-mini,10,0.5,0.6,0.4,0.3,25,20,"cooperate,defect,defect,cooperate,cooperate,cooperate,cooperate,defect,defect,defect","defect,defect,cooperate,cooperate,cooperate,cooperate,cooperate,cooperate,defect,defect",mixed,mixed
2026-03-12T06-01-25+00-00_pd-10rounds_Xb8UJVTzu7GwLKsp2ncTFR.eval,pd_10rounds,gpt-5-mini,gpt-5-mini,10,0.2,0.1,0.0,0.7,12,17,"cooperate,defect,defect,defect,defect,cooperate,defect,defect,defect,defect","defect,defect,defect,defect,cooperate,defect,defect,defect,defect,defect",tit_for_tat,mixed
2026-03-12T06-01-25+00-00_pd-10rounds_Xb8UJVTzu7GwLKsp2ncTFR.eval,pd_10rounds,gpt-5-mini,gpt-5-mini,10,0.8,0.9,0.8,0.1,30,25,"cooperate,cooperate,cooperate,cooperate,cooperate,cooperate,cooperate,cooperate,defect,defect","cooperate,cooperate,cooperate,cooperate,cooperate,cooperate,cooperate,cooperate,cooperate,defect",cooperate_then_defect,tit_for_tat
2026-03-12T06-01-25+00-00_pd-10rounds_Xb8UJVTzu7GwLKsp2ncTFR.eval,pd_10rounds,gpt-5-mini,gpt-5-mini,10,0.7,0.7,0.6,0.2,25,25,"cooperate,defect,cooperate,cooperate,cooperate,cooperate,cooperate,cooperate,defect,defect","defect,cooperate,cooperate,cooperate,cooperate,cooperate,cooperate,cooperate,defect,defect",mixed,mixed
2026-03-12T06-01-25+00-00_pd-10rounds_Xb8UJVTzu7GwLKsp2ncTFR.eval,pd_10rounds,gpt-5-mini,gpt-5-mini,10,0.8,0.8,0.8,0.2,26,26,"cooperate,cooperate,cooperate,cooperate,cooperate,cooperate,cooperate,cooperate,defect,defect","cooperate,cooperate,cooperate,cooperate,cooperate,cooperate,cooperate,cooperate,defect,defect",cooperate_then_defect,cooperate_then_defect
2026-03-12T06-01-25+00-00_pd-10rounds_Xb8UJVTzu7GwLKsp2ncTFR.eval,pd_10rounds,gpt-5-mini,gpt-5-mini,10,0.7,0.7,0.6,0.2,25,25,"defect,cooperate,cooperate,cooperate,cooperate,cooperate,cooperate,cooperate,defect,defect","cooperate,defect,cooperate,cooperate,cooperate,cooperate,cooperate,cooperate,defect,defect",mixed,mixed
2026-03-12T06-01-25+00-00_pd-10rounds_Xb8UJVTzu7GwLKsp2ncTFR.eval,pd_10rounds,gpt-5-mini,gpt-5-mini,10,0.9,0.8,0.8,0.1,25,30,"cooperate,cooperate,cooperate,cooperate,cooperate,cooperate,cooperate,cooperate,cooperate,defect","cooperate,cooperate,cooperate,cooperate,cooperate,cooperate,cooperate,cooperate,defect,defect",tit_for_tat,cooperate_then_defect
2026-03-12T06-01-25+00-00_pd-10rounds_Xb8UJVTzu7GwLKsp2ncTFR.eval,pd_10rounds,gpt-5-mini,gpt-5-mini,10,0.8,0.8,0.8,0.2,26,26,"cooperate,cooperate,cooperate,cooperate,cooperate,cooperate,cooperate,cooperate,defect,defect","cooperate,cooperate,cooperate,cooperate,cooperate,cooperate,cooperate,cooperate,defect,defect",cooperate_then_defect,cooperate_then_defect
2026-03-12T06-07-17+00-00_pd-10rounds_VgJbrFreCCZms5mtNAKHXW.eval,pd_10rounds,gpt-5-mini,gemini-2.5-flash,10,0.8,0.8,0.8,0.2,26,26,"cooperate,cooperate,cooperate,cooperate,cooperate,cooperate,cooperate,cooperate,defect,defect","cooperate,cooperate,cooperate,cooperate,cooperate,cooperate,cooperate,cooperate,defect,defect",cooperate_then_defect,cooperate_then_defect
2026-03-12T06-07-17+00-00_pd-10rounds_VgJbrFreCCZms5mtNAKHXW.eval,pd_10rounds,gpt-5-mini,gemini-2.5-flash,10,0.7,0.8,0.7,0.2,28,23,"cooperate,cooperate,cooperate,cooperate,cooperate,cooperate,cooperate,defect,defect,defect","cooperate,cooperate,cooperate,cooperate,cooperate,cooperate,cooperate,cooperate,defect,defect",cooperate_then_defect,tit_for_tat
2026-03-12T06-07-17+00-00_pd-10rounds_VgJbrFreCCZms5mtNAKHXW.eval,pd_10rounds,gpt-5-mini,gemini-2.5-flash,10,0.8,0.9,0.8,0.1,30,25,"cooperate,cooperate,cooperate,cooperate,cooperate,cooperate,cooperate,cooperate,defect,defect","cooperate,cooperate,cooperate,cooperate,cooperate,cooperate,cooperate,cooperate,cooperate,defect",cooperate_then_defect,tit_for_tat
2026-03-12T06-07-17+00-00_pd-10rounds_VgJbrFreCCZms5mtNAKHXW.eval,pd_10rounds,gpt-5-mini,gemini-2.5-flash,10,0.8,0.8,0.8,0.2,26,26,"cooperate,cooperate,cooperate,cooperate,cooperate,cooperate,cooperate,cooperate,defect,defect","cooperate,cooperate,cooperate,cooperate,cooperate,cooperate,cooperate,cooperate,defect,defect",cooperate_then_defect,cooperate_then_defect
2026-03-12T06-07-17+00-00_pd-10rounds_VgJbrFreCCZms5mtNAKHXW.eval,pd_10rounds,gpt-5-mini,gemini-2.5-flash,10,0.1,0.2,0.0,0.7,17,12,"defect,defect,cooperate,defect,defect,defect,defect,defect,defect,defect","cooperate,defect,defect,cooperate,defect,defect,defect,defect,defect,defect",mixed,tit_for_tat
2026-03-12T06-07-17+00-00_pd-10rounds_VgJbrFreCCZms5mtNAKHXW.eval,pd_10rounds,gpt-5-mini,gemini-2.5-flash,10,0.9,0.9,0.9,0.1,28,28,"cooperate,cooperate,cooperate,cooperate,cooperate,cooperate,cooperate,cooperate,cooperate,defect","cooperate,cooperate,cooperate,cooperate,cooperate,cooperate,cooperate,cooperate,cooperate,defect",defect_last_round,defect_last_round
2026-03-12T06-07-17+00-00_pd-10rounds_VgJbrFreCCZms5mtNAKHXW.eval,pd_10rounds,gpt-5-mini,gemini-2.5-flash,10,0.9,0.8,0.8,0.1,25,30,"cooperate,cooperate,cooperate,cooperate,cooperate,cooperate,cooperate,cooperate,cooperate,defect","cooperate,cooperate,cooperate,cooperate,cooperate,cooperate,cooperate,cooperate,defect,defect",tit_for_tat,cooperate_then_defect
2026-03-12T06-07-17+00-00_pd-10rounds_VgJbrFreCCZms5mtNAKHXW.eval,pd_10rounds,gpt-5-mini,gemini-2.5-flash,10,0.8,0.8,0.8,0.2,26,26,"cooperate,cooperate,cooperate,cooperate,cooperate,cooperate,cooperate,cooperate,defect,defect","cooperate,cooperate,cooperate,cooperate,cooperate,cooperate,cooperate,cooperate,defect,defect",cooperate_then_defect,cooperate_then_defect
2026-03-12T06-07-17+00-00_pd-10rounds_VgJbrFreCCZms5mtNAKHXW.eval,pd_10rounds,gpt-5-mini,gemini-2.5-flash,10,0.7,0.7,0.6,0.2,25,25,"cooperate,defect,cooperate,cooperate,cooperate,cooperate,cooperate,cooperate,defect,defect","defect,cooperate,cooperate,cooperate,cooperate,cooperate,cooperate,cooperate,defect,defect",mixed,mixed
2026-03-12T06-07-17+00-00_pd-10rounds_VgJbrFreCCZms5mtNAKHXW.eval,pd_10rounds,gpt-5-mini,gemini-2.5-flash,10,0.8,0.8,0.8,0.2,26,26,"cooperate,cooperate,cooperate,cooperate,cooperate,cooperate,cooperate,cooperate,defect,defect","cooperate,cooperate,cooperate,cooperate,cooperate,cooperate,cooperate,cooperate,defect,defect",cooperate_then_defect,cooperate_then_defect
2026-03-12T06-10-33+00-00_pd-10rounds_P6hVuAxQkCLQub87LZ2rp5.eval,pd_10rounds,gpt-5-mini,grok-4.1-fast,10,0.7,0.7,0.6,0.2,25,25,"cooperate,cooperate,cooperate,cooperate,cooperate,cooperate,defect,defect,cooperate,defect","cooperate,cooperate,cooperate,cooperate,cooperate,cooperate,cooperate,defect,defect,defect",mixed,cooperate_then_defect
2026-03-12T06-10-33+00-00_pd-10rounds_P6hVuAxQkCLQub87LZ2rp5.eval,pd_10rounds,gpt-5-mini,grok-4.1-fast,10,0.8,0.9,0.8,0.1,30,25,"cooperate,cooperate,cooperate,cooperate,cooperate,cooperate,cooperate,cooperate,defect,defect","cooperate,cooperate,cooperate,cooperate,cooperate,cooperate,cooperate,cooperate,cooperate,defect",cooperate_then_defect,tit_for_tat
2026-03-12T06-10-33+00-00_pd-10rounds_P6hVuAxQkCLQub87LZ2rp5.eval,pd_10rounds,gpt-5-mini,grok-4.1-fast,10,0.9,0.8,0.8,0.1,25,30,"cooperate,cooperate,cooperate,cooperate,cooperate,cooperate,cooperate,cooperate,cooperate,defect","cooperate,cooperate,cooperate,cooperate,cooperate,cooperate,cooperate,cooperate,defect,defect",tit_for_tat,cooperate_then_defect
2026-03-12T06-10-33+00-00_pd-10rounds_P6hVuAxQkCLQub87LZ2rp5.eval,pd_10rounds,gpt-5-mini,grok-4.1-fast,10,0.2,0.1,0.0,0.7,12,17,"defect,defect,cooperate,cooperate,defect,defect,defect,defect,defect,defect","cooperate,defect,defect,defect,defect,defect,defect,defect,defect,defect",mixed,cooperate_then_defect
2026-03-12T06-10-33+00-00_pd-10rounds_P6hVuAxQkCLQub87LZ2rp5.eval,pd_10rounds,gpt-5-mini,grok-4.1-fast,10,0.8,0.9,0.8,0.1,30,25,"cooperate,cooperate,cooperate,cooperate,cooperate,cooperate,cooperate,cooperate,defect,defect","cooperate,cooperate,cooperate,cooperate,cooperate,cooperate,cooperate,cooperate,cooperate,defect",cooperate_then_defect,tit_for_tat
2026-03-12T06-10-33+00-00_pd-10rounds_P6hVuAxQkCLQub87LZ2rp5.eval,pd_10rounds,gpt-5-mini,grok-4.1-fast,10,0.8,0.8,0.7,0.1,27,27,"defect,cooperate,cooperate,cooperate,cooperate,cooperate,cooperate,cooperate,cooperate,defect","cooperate,defect,cooperate,cooperate,cooperate,cooperate,cooperate,cooperate,cooperate,defect",mixed,mixed
2026-03-12T06-10-33+00-00_pd-10rounds_P6hVuAxQkCLQub87LZ2rp5.eval,pd_10rounds,gpt-5-mini,grok-4.1-fast,10,0.8,0.7,0.6,0.1,24,29,"defect,cooperate,cooperate,cooperate,cooperate,cooperate,cooperate,cooperate,cooperate,defect","cooperate,defect,cooperate,cooperate,cooperate,cooperate,cooperate,cooperate,defect,defect",mixed,mixed
2026-03-12T06-10-33+00-00_pd-10rounds_P6hVuAxQkCLQub87LZ2rp5.eval,pd_10rounds,gpt-5-mini,grok-4.1-fast,10,0.8,0.8,0.8,0.2,26,26,"cooperate,cooperate,cooperate,cooperate,cooperate,cooperate,cooperate,cooperate,defect,defect","cooperate,cooperate,cooperate,cooperate,cooperate,cooperate,cooperate,cooperate,defect,defect",cooperate_then_defect,cooperate_then_defect
2026-03-12T06-10-33+00-00_pd-10rounds_P6hVuAxQkCLQub87LZ2rp5.eval,pd_10rounds,gpt-5-mini,grok-4.1-fast,10,0.3,0.5,0.2,0.4,25,15,"defect,cooperate,defect,cooperate,cooperate,defect,defect,defect,defect,defect","cooperate,defect,cooperate,cooperate,cooperate,cooperate,defect,defect,defect,defect",mixed,mixed
2026-03-12T06-10-33+00-00_pd-10rounds_P6hVuAxQkCLQub87LZ2rp5.eval,pd_10rounds,gpt-5-mini,grok-4.1-fast,10,0.9,0.9,0.9,0.1,28,28,"cooperate,cooperate,cooperate,cooperate,cooperate,cooperate,cooperate,cooperate,cooperate,defect","cooperate,cooperate,cooperate,cooperate,cooperate,cooperate,cooperate,cooperate,cooperate,defect",defect_last_round,defect_last_round
2026-03-12T06-15-24+00-00_pd-10rounds_E8KZkC7Res4Yrr8bFBmFKd.eval,pd_10rounds,gemini-2.5-flash,gemini-2.5-flash,10,0.9,0.9,0.9,0.1,28,28,"cooperate,cooperate,cooperate,cooperate,cooperate,cooperate,cooperate,cooperate,cooperate,defect","cooperate,cooperate,cooperate,cooperate,cooperate,cooperate,cooperate,cooperate,cooperate,defect",defect_last_round,defect_last_round
2026-03-12T06-15-24+00-00_pd-10rounds_E8KZkC7Res4Yrr8bFBmFKd.eval,pd_10rounds,gemini-2.5-flash,gemini-2.5-flash,10,0.7,0.6,0.6,0.3,21,26,"cooperate,cooperate,cooperate,cooperate,cooperate,cooperate,cooperate,defect,defect,defect","cooperate,cooperate,cooperate,cooperate,cooperate,cooperate,defect,defect,defect,defect",tit_for_tat,cooperate_then_defect
2026-03-12T06-15-24+00-00_pd-10rounds_E8KZkC7Res4Yrr8bFBmFKd.eval,pd_10rounds,gemini-2.5-flash,gemini-2.5-flash,10,0.9,0.8,0.8,0.1,25,30,"cooperate,cooperate,cooperate,cooperate,cooperate,cooperate,cooperate,cooperate,cooperate,defect","cooperate,cooperate,cooperate,cooperate,cooperate,cooperate,cooperate,cooperate,defect,defect",tit_for_tat,cooperate_then_defect
2026-03-12T06-15-24+00-00_pd-10rounds_E8KZkC7Res4Yrr8bFBmFKd.eval,pd_10rounds,gemini-2.5-flash,gemini-2.5-flash,10,0.9,0.8,0.8,0.1,25,30,"cooperate,cooperate,cooperate,cooperate,cooperate,cooperate,cooperate,cooperate,cooperate,defect","cooperate,cooperate,cooperate,cooperate,cooperate,cooperate,cooperate,cooperate,defect,defect",tit_for_tat,cooperate_then_defect
2026-03-12T06-15-24+00-00_pd-10rounds_E8KZkC7Res4Yrr8bFBmFKd.eval,pd_10rounds,gemini-2.5-flash,gemini-2.5-flash,10,0.9,0.9,0.9,0.1,28,28,"cooperate,cooperate,cooperate,cooperate,cooperate,cooperate,cooperate,cooperate,cooperate,defect","cooperate,cooperate,cooperate,cooperate,cooperate,cooperate,cooperate,cooperate,cooperate,defect",defect_last_round,defect_last_round
2026-03-12T06-15-24+00-00_pd-10rounds_E8KZkC7Res4Yrr8bFBmFKd.eval,pd_10rounds,gemini-2.5-flash,gemini-2.5-flash,10,0.9,0.9,0.9,0.1,28,28,"cooperate,cooperate,cooperate,cooperate,cooperate,cooperate,cooperate,cooperate,cooperate,defect","cooperate,cooperate,cooperate,cooperate,cooperate,cooperate,cooperate,cooperate,cooperate,defect",defect_last_round,defect_last_round
2026-03-12T06-15-24+00-00_pd-10rounds_E8KZkC7Res4Yrr8bFBmFKd.eval,pd_10rounds,gemini-2.5-flash,gemini-2.5-flash,10,0.9,0.9,0.9,0.1,28,28,"cooperate,cooperate,cooperate,cooperate,cooperate,cooperate,cooperate,cooperate,cooperate,defect","cooperate,cooperate,cooperate,cooperate,cooperate,cooperate,cooperate,cooperate,cooperate,defect",defect_last_round,defect_last_round
2026-03-12T06-15-24+00-00_pd-10rounds_E8KZkC7Res4Yrr8bFBmFKd.eval,pd_10rounds,gemini-2.5-flash,gemini-2.5-flash,10,0.7,0.6,0.6,0.3,21,26,"cooperate,cooperate,cooperate,cooperate,cooperate,cooperate,cooperate,defect,defect,defect","cooperate,cooperate,cooperate,cooperate,cooperate,cooperate,defect,defect,defect,defect",tit_for_tat,cooperate_then_defect
2026-03-12T06-15-24+00-00_pd-10rounds_E8KZkC7Res4Yrr8bFBmFKd.eval,pd_10rounds,gemini-2.5-flash,gemini-2.5-flash,10,0.8,0.7,0.7,0.2,23,28,"cooperate,cooperate,cooperate,cooperate,cooperate,cooperate,cooperate,cooperate,defect,defect","cooperate,cooperate,cooperate,cooperate,cooperate,cooperate,cooperate,defect,defect,defect",tit_for_tat,cooperate_then_defect
2026-03-12T06-15-24+00-00_pd-10rounds_E8KZkC7Res4Yrr8bFBmFKd.eval,pd_10rounds,gemini-2.5-flash,gemini-2.5-flash,10,0.9,0.8,0.8,0.1,25,30,"cooperate,cooperate,cooperate,cooperate,cooperate,cooperate,cooperate,cooperate,cooperate,defect","cooperate,cooperate,cooperate,cooperate,cooperate,cooperate,cooperate,cooperate,defect,defect",tit_for_tat,cooperate_then_defect
2026-03-12T06-16-18+00-00_pd-10rounds_FSFLbQpRfmRdVcQP5iYvX9.eval,pd_10rounds,gemini-2.5-flash,grok-4.1-fast,10,0.9,0.8,0.8,0.1,25,30,"cooperate,cooperate,cooperate,cooperate,cooperate,cooperate,cooperate,cooperate,cooperate,defect","cooperate,cooperate,cooperate,cooperate,cooperate,cooperate,cooperate,cooperate,defect,defect",tit_for_tat,cooperate_then_defect
2026-03-12T06-16-18+00-00_pd-10rounds_FSFLbQpRfmRdVcQP5iYvX9.eval,pd_10rounds,gemini-2.5-flash,grok-4.1-fast,10,0.9,0.9,0.9,0.1,28,28,"cooperate,cooperate,cooperate,cooperate,cooperate,cooperate,cooperate,cooperate,cooperate,defect","cooperate,cooperate,cooperate,cooperate,cooperate,cooperate,cooperate,cooperate,cooperate,defect",defect_last_round,defect_last_round
2026-03-12T06-16-18+00-00_pd-10rounds_FSFLbQpRfmRdVcQP5iYvX9.eval,pd_10rounds,gemini-2.5-flash,grok-4.1-fast,10,0.9,0.9,0.9,0.1,28,28,"cooperate,cooperate,cooperate,cooperate,cooperate,cooperate,cooperate,cooperate,cooperate,defect","cooperate,cooperate,cooperate,cooperate,cooperate,cooperate,cooperate,cooperate,cooperate,defect",defect_last_round,defect_last_round
2026-03-12T06-16-18+00-00_pd-10rounds_FSFLbQpRfmRdVcQP5iYvX9.eval,pd_10rounds,gemini-2.5-flash,grok-4.1-fast,10,0.9,0.9,0.9,0.1,28,28,"cooperate,cooperate,cooperate,cooperate,cooperate,cooperate,cooperate,cooperate,cooperate,defect","cooperate,cooperate,cooperate,cooperate,cooperate,cooperate,cooperate,cooperate,cooperate,defect",defect_last_round,defect_last_round
2026-03-12T06-16-18+00-00_pd-10rounds_FSFLbQpRfmRdVcQP5iYvX9.eval,pd_10rounds,gemini-2.5-flash,grok-4.1-fast,10,0.9,0.9,0.9,0.1,28,28,"cooperate,cooperate,cooperate,cooperate,cooperate,cooperate,cooperate,cooperate,cooperate,defect","cooperate,cooperate,cooperate,cooperate,cooperate,cooperate,cooperate,cooperate,cooperate,defect",defect_last_round,defect_last_round
2026-03-12T06-16-18+00-00_pd-10rounds_FSFLbQpRfmRdVcQP5iYvX9.eval,pd_10rounds,gemini-2.5-flash,grok-4.1-fast,10,0.8,0.9,0.8,0.1,30,25,"cooperate,cooperate,cooperate,cooperate,cooperate,cooperate,cooperate,cooperate,defect,defect","cooperate,cooperate,cooperate,cooperate,cooperate,cooperate,cooperate,cooperate,cooperate,defect",cooperate_then_defect,tit_for_tat
2026-03-12T06-16-18+00-00_pd-10rounds_FSFLbQpRfmRdVcQP5iYvX9.eval,pd_10rounds,gemini-2.5-flash,grok-4.1-fast,10,0.9,0.9,0.9,0.1,28,28,"cooperate,cooperate,cooperate,cooperate,cooperate,cooperate,cooperate,cooperate,cooperate,defect","cooperate,cooperate,cooperate,cooperate,cooperate,cooperate,cooperate,cooperate,cooperate,defect",defect_last_round,defect_last_round
2026-03-12T06-16-18+00-00_pd-10rounds_FSFLbQpRfmRdVcQP5iYvX9.eval,pd_10rounds,gemini-2.5-flash,grok-4.1-fast,10,0.9,0.8,0.8,0.1,25,30,"cooperate,cooperate,cooperate,cooperate,cooperate,cooperate,cooperate,cooperate,cooperate,defect","cooperate,cooperate,cooperate,cooperate,cooperate,cooperate,cooperate,cooperate,defect,defect",tit_for_tat,cooperate_then_defect
2026-03-12T06-16-18+00-00_pd-10rounds_FSFLbQpRfmRdVcQP5iYvX9.eval,pd_10rounds,gemini-2.5-flash,grok-4.1-fast,10,0.9,0.8,0.8,0.1,25,30,"cooperate,cooperate,cooperate,cooperate,cooperate,cooperate,cooperate,cooperate,cooperate,defect","cooperate,cooperate,cooperate,cooperate,cooperate,cooperate,cooperate,cooperate,defect,defect",tit_for_tat,cooperate_then_defect
2026-03-12T06-16-18+00-00_pd-10rounds_FSFLbQpRfmRdVcQP5iYvX9.eval,pd_10rounds,gemini-2.5-flash,grok-4.1-fast,10,0.9,0.8,0.8,0.1,25,30,"cooperate,cooperate,cooperate,cooperate,cooperate,cooperate,cooperate,cooperate,cooperate,defect","cooperate,cooperate,cooperate,cooperate,cooperate,cooperate,cooperate,cooperate,defect,defect",tit_for_tat,cooperate_then_defect
2026-03-12T06-18-24+00-00_pd-10rounds_UYSkVPmaEA2fCLjgMauWRA.eval,pd_10rounds,grok-4.1-fast,grok-4.1-fast,10,0.8,0.8,0.8,0.2,26,26,"cooperate,cooperate,cooperate,cooperate,cooperate,cooperate,cooperate,cooperate,defect,defect","cooperate,cooperate,cooperate,cooperate,cooperate,cooperate,cooperate,cooperate,defect,defect",cooperate_then_defect,cooperate_then_defect
2026-03-12T06-18-24+00-00_pd-10rounds_UYSkVPmaEA2fCLjgMauWRA.eval,pd_10rounds,grok-4.1-fast,grok-4.1-fast,10,0.8,0.8,0.8,0.2,26,26,"cooperate,cooperate,cooperate,cooperate,cooperate,cooperate,cooperate,cooperate,defect,defect","cooperate,cooperate,cooperate,cooperate,cooperate,cooperate,cooperate,cooperate,defect,defect",cooperate_then_defect,cooperate_then_defect
2026-03-12T06-18-24+00-00_pd-10rounds_UYSkVPmaEA2fCLjgMauWRA.eval,pd_10rounds,grok-4.1-fast,grok-4.1-fast,10,0.8,0.9,0.8,0.1,30,25,"cooperate,cooperate,cooperate,cooperate,cooperate,cooperate,cooperate,cooperate,defect,defect","cooperate,cooperate,cooperate,cooperate,cooperate,cooperate,cooperate,cooperate,cooperate,defect",cooperate_then_defect,tit_for_tat
2026-03-12T06-18-24+00-00_pd-10rounds_UYSkVPmaEA2fCLjgMauWRA.eval,pd_10rounds,grok-4.1-fast,grok-4.1-fast,10,0.8,0.9,0.8,0.1,30,25,"cooperate,cooperate,cooperate,cooperate,cooperate,cooperate,cooperate,cooperate,defect,defect","cooperate,cooperate,cooperate,cooperate,cooperate,cooperate,cooperate,cooperate,cooperate,defect",cooperate_then_defect,tit_for_tat
2026-03-12T06-18-24+00-00_pd-10rounds_UYSkVPmaEA2fCLjgMauWRA.eval,pd_10rounds,grok-4.1-fast,grok-4.1-fast,10,0.8,0.9,0.8,0.1,30,25,"cooperate,cooperate,cooperate,cooperate,cooperate,cooperate,cooperate,cooperate,defect,defect","cooperate,cooperate,cooperate,cooperate,cooperate,cooperate,cooperate,cooperate,cooperate,defect",cooperate_then_defect,tit_for_tat
2026-03-12T06-18-24+00-00_pd-10rounds_UYSkVPmaEA2fCLjgMauWRA.eval,pd_10rounds,grok-4.1-fast,grok-4.1-fast,10,0.9,0.9,0.9,0.1,28,28,"cooperate,cooperate,cooperate,cooperate,cooperate,cooperate,cooperate,cooperate,cooperate,defect","cooperate,cooperate,cooperate,cooperate,cooperate,cooperate,cooperate,cooperate,cooperate,defect",defect_last_round,defect_last_round
2026-03-12T06-18-24+00-00_pd-10rounds_UYSkVPmaEA2fCLjgMauWRA.eval,pd_10rounds,grok-4.1-fast,grok-4.1-fast,10,0.9,0.8,0.8,0.1,25,30,"cooperate,cooperate,cooperate,cooperate,cooperate,cooperate,cooperate,cooperate,cooperate,defect","cooperate,cooperate,cooperate,cooperate,cooperate,cooperate,cooperate,cooperate,defect,defect",tit_for_tat,cooperate_then_defect
2026-03-12T06-18-24+00-00_pd-10rounds_UYSkVPmaEA2fCLjgMauWRA.eval,pd_10rounds,grok-4.1-fast,grok-4.1-fast,10,0.9,0.9,0.9,0.1,28,28,"cooperate,cooperate,cooperate,cooperate,cooperate,cooperate,cooperate,cooperate,cooperate,defect","cooperate,cooperate,cooperate,cooperate,cooperate,cooperate,cooperate,cooperate,cooperate,defect",defect_last_round,defect_last_round
2026-03-12T06-18-24+00-00_pd-10rounds_UYSkVPmaEA2fCLjgMauWRA.eval,pd_10rounds,grok-4.1-fast,grok-4.1-fast,10,0.8,0.9,0.8,0.1,30,25,"cooperate,cooperate,cooperate,cooperate,cooperate,cooperate,cooperate,cooperate,defect,defect","cooperate,cooperate,cooperate,cooperate,cooperate,cooperate,cooperate,cooperate,cooperate,defect",cooperate_then_defect,tit_for_tat
2026-03-12T06-18-24+00-00_pd-10rounds_UYSkVPmaEA2fCLjgMauWRA.eval,pd_10rounds,grok-4.1-fast,grok-4.1-fast,10,0.9,0.9,0.9,0.1,28,28,"cooperate,cooperate,cooperate,cooperate,cooperate,cooperate,cooperate,cooperate,cooperate,defect","cooperate,cooperate,cooperate,cooperate,cooperate,cooperate,cooperate,cooperate,cooperate,defect",defect_last_round,defect_last_round
